,file,interval_idx,t_start_hours,t_end_hours,n_events,success,log_likelihood,mu,alpha,beta,ks_reject_khmaladze,ad_reject_khmaladze,cvm_reject_khmaladze,rejected_count_khmaladze,ks_reject_naive,ad_reject_naive,cvm_reject_naive,rejected_count_naive,ks_reject_exp,ad_reject_exp,cvm_reject_exp,rejected_count_exp
0_0,SG_20170127.csv.gz,0,0.0,0.5,1300,True,4599.299939745989,0.29151228049646866,6096.210128719912,10444.160051919647,False,True,False,1,False,True,False,1,True,True,True,3
0_1,SG_20170127.csv.gz,1,0.5,1.0,987,True,2785.0567580157735,0.27075785442232475,10807.732919370055,21353.959357260854,False,False,False,0,False,False,False,0,True,True,True,3
0_2,SG_20170127.csv.gz,2,1.0,1.5,1434,True,4644.493728032043,0.36984347684570557,7179.118603101569,14529.940593754569,False,True,False,1,False,True,False,1,True,True,True,3
0_3,SG_20170127.csv.gz,3,1.5,2.0,970,True,3920.9591908264683,0.24814270403218888,51620.35464425119,86784.0741504857,False,True,False,1,True,True,True,3,True,True,True,3
0_4,SG_20170127.csv.gz,4,2.0,2.5,847,True,3120.129631588967,0.20841456215895343,16985.90427130805,34629.61263691608,False,True,False,1,False,True,False,1,True,True,True,3
0_5,SG_20170127.csv.gz,5,2.5,3.0,927,True,3025.5635751018317,0.30582568040888786,62927.84348807164,118527.47162988472,True,True,True,3,True,True,True,3,True,True,True,3
0_6,SG_20170127.csv.gz,6,3.0,3.5,758,True,2209.8932963827338,0.19826974790781085,9905.944801714066,21036.243489430388,False,True,False,1,False,True,False,1,True,True,True,3
0_7,SG_20170127.csv.gz,7,3.5,4.0,696,True,2266.1402455809075,0.16982467859514064,11863.649179170136,20926.688918822372,False,True,False,1,True,True,True,3,True,True,True,3
0_8,SG_20170127.csv.gz,8,4.0,4.5,420,True,1167.8683165676218,0.10746682582873751,9823.32172973963,26037.143986317526,False,True,False,1,False,True,False,1,True,True,True,3
0_9,SG_20170127.csv.gz,9,4.5,5.0,599,True,1608.4926205135212,0.1643050128552787,11410.679699023185,26306.01831347041,True,True,True,3,False,True,False,1,True,True,True,3
0_10,SG_20170127.csv.gz,10,5.0,5.5,728,True,1911.3335146474583,0.19091761746600847,6228.095745146389,12734.426248050766,True,True,True,3,False,True,False,1,True,True,True,3
0_11,SG_20170127.csv.gz,11,5.5,6.0,1224,True,4222.62089831465,0.35857378592285777,71270.20131322271,126839.02916767659,True,True,True,3,True,True,True,3,True,True,True,3
0_12,SG_20170127.csv.gz,12,6.0,6.5,722,True,2149.4944655311947,0.18736916401508494,11271.442083372483,21765.158022607793,False,False,False,0,False,False,False,0,True,True,True,3
0_13,SG_20170127.csv.gz,13,6.5,7.0,974,True,2134.5255902385516,0.29833767365871183,6681.735727520715,19193.70376175136,True,True,True,3,False,True,False,1,True,True,True,3
0_14,SG_20170127.csv.gz,14,7.0,7.5,761,True,2442.3366804529505,0.21992445189754997,51166.932507428435,115729.31719320727,False,True,False,1,False,True,False,1,True,True,True,3
0_15,SG_20170127.csv.gz,15,7.5,8.0,853,True,3016.8012281230986,0.23917128239838983,69510.1657654009,135536.4077671197,True,True,True,3,False,True,False,1,True,True,True,3
0_16,SG_20170127.csv.gz,16,8.0,8.480346217222223,1378,True,5893.485516712775,0.3451763553613333,29335.037188938753,55541.11070305167,False,True,False,1,False,True,False,1,True,True,True,3
1_0,SG_20170125.csv.gz,0,0.0,0.5,2025,True,7298.364566359052,0.5291875904416177,14038.428816274065,27146.575291921825,False,False,False,0,False,False,False,0,True,True,True,3
1_1,SG_20170125.csv.gz,1,0.5,1.0,1732,True,5929.550527217171,0.4701309436023748,15478.186430237873,28637.241843851763,False,True,True,2,True,True,True,3,True,True,True,3
1_2,SG_20170125.csv.gz,2,1.0,1.5,888,True,2667.7539956189885,0.23464026098323068,9971.614890554727,22800.231506815166,False,True,False,1,False,True,False,1,True,True,True,3
1_3,SG_20170125.csv.gz,3,1.5,2.0,956,True,3613.6494311536508,0.2296809766509488,18666.44708521475,32573.063885212163,False,True,False,1,False,False,False,0,True,True,True,3
1_4,SG_20170125.csv.gz,4,2.0,2.5,640,True,2602.8113070749814,0.16007229671663695,48096.00046714207,124679.28722223522,True,True,True,3,True,True,True,3,True,True,True,3
1_5,SG_20170125.csv.gz,5,2.5,3.0,1015,True,4350.01322492629,0.22231157056516088,17865.558115219563,31858.084604049578,False,True,False,1,False,True,False,1,True,True,True,3
1_6,SG_20170125.csv.gz,6,3.0,3.5,656,True,2028.3173479697812,0.1718883387013175,12751.978899598731,31915.05308011859,False,True,False,1,False,True,False,1,True,True,True,3
1_7,SG_20170125.csv.gz,7,3.5,4.0,656,True,2188.692420087054,0.16057060259644637,12029.930877849563,26775.07499464707,False,False,False,0,False,True,False,1,True,True,True,3
1_8,SG_20170125.csv.gz,8,4.0,4.5,515,True,2056.5391943145073,0.13065253986548753,51580.39491267107,124345.04538983236,True,True,True,3,False,True,False,1,True,True,True,3
1_9,SG_20170125.csv.gz,9,4.5,5.0,473,True,1492.922248865555,0.13516887152772894,62035.99216505658,133876.50822905707,True,True,True,3,True,True,True,3,True,True,True,3
1_10,SG_20170125.csv.gz,10,5.0,5.5,735,True,2670.496966973,0.17966065310352167,15496.85208417384,32464.44790527427,False,True,False,1,False,True,False,1,True,True,True,3
1_11,SG_20170125.csv.gz,11,5.5,6.0,899,True,3925.3047802894002,0.19264064199490516,17039.813484602753,34644.910005633996,True,True,True,3,False,True,True,2,True,True,True,3
1_12,SG_20170125.csv.gz,12,6.0,6.5,1254,True,5540.088657801548,0.2711680156714892,15532.285987461055,31828.892658495704,False,True,False,1,False,True,False,1,True,True,True,3
1_13,SG_20170125.csv.gz,13,6.5,7.0,1315,True,4824.832418730642,0.3731586235754052,62380.45302515346,122770.404372655,True,True,False,2,False,False,False,0,True,True,True,3
1_14,SG_20170125.csv.gz,14,7.0,7.5,1588,True,5871.861857018388,0.4552861389176187,59729.163623178756,126433.7374488991,False,True,False,1,False,True,False,1,True,True,True,3
1_15,SG_20170125.csv.gz,15,7.5,8.0,2066,True,9951.002281751604,0.4869409769411477,43329.97562507506,78106.21071439423,True,True,True,3,True,True,True,3,True,True,True,3
1_16,SG_20170125.csv.gz,16,8.0,8.4821780075,1989,True,8490.859817816367,0.5328659936380242,41632.61255466361,75019.49358005915,False,False,False,0,False,False,False,0,True,True,True,3
2_0,SG_20170117.csv.gz,0,0.0,0.5,1286,True,4714.117546959025,0.317747959522604,12925.244896601022,25504.132812781812,False,False,False,0,False,False,False,0,True,True,True,3
2_1,SG_20170117.csv.gz,1,0.5,1.0,960,True,3237.184539404561,0.25068687794778116,14844.948016451097,34659.72077797898,False,True,True,2,False,True,False,1,True,True,True,3
2_2,SG_20170117.csv.gz,2,1.0,1.5,504,True,942.3281033501305,0.15276314221605292,7399.496498509176,20126.422277077054,False,True,True,2,False,True,False,1,True,True,True,3
2_3,SG_20170117.csv.gz,3,1.5,2.0,500,True,1216.8273064696182,0.13445991736674687,5929.774549465912,16195.979652684182,False,True,False,1,False,True,False,1,True,True,True,3
2_4,SG_20170117.csv.gz,4,2.0,2.5,767,True,1862.9579541099438,0.1865907685554813,2422.540844793902,4302.523055122763,True,True,True,3,False,True,False,1,True,True,True,3
2_5,SG_20170117.csv.gz,5,2.5,3.0,553,True,1964.4954354983552,0.13305079134479678,12791.73887008204,28050.427092317794,True,True,True,3,False,True,False,1,True,True,True,3
2_6,SG_20170117.csv.gz,6,3.0,3.5,778,True,2385.5021467053175,0.21018335376803768,15774.464507311837,35379.67934901661,False,False,False,0,False,False,False,0,True,True,True,3
2_7,SG_20170117.csv.gz,7,3.5,4.0,1068,True,3326.2680874870703,0.28910658366420666,12800.554389130437,28575.81567054385,False,True,False,1,False,True,False,1,True,True,True,3
2_8,SG_20170117.csv.gz,8,4.0,4.5,700,True,2149.114442046568,0.1904650753351364,15734.989810263256,36164.09426981198,False,True,False,1,False,True,False,1,True,True,True,3
2_9,SG_20170117.csv.gz,9,4.5,5.0,1193,True,4545.063281948567,0.3424708635809937,65694.49739152823,131332.97275422074,True,True,True,3,True,True,False,2,True,True,True,3
2_10,SG_20170117.csv.gz,10,5.0,5.5,720,True,2314.263118479859,0.18142027077612444,10261.752649827878,22887.61108271475,False,False,False,0,True,True,True,3,True,True,True,3
2_11,SG_20170117.csv.gz,11,5.5,6.0,1002,True,2395.3215850808074,0.2438966768901065,1891.6754612156524,3372.799828240795,True,True,True,3,False,True,False,1,True,True,True,3
2_12,SG_20170117.csv.gz,12,6.0,6.5,685,True,1437.568561602609,0.20698901553386648,7477.757737814919,22476.56105139054,True,True,False,2,False,True,False,1,True,True,True,3
2_13,SG_20170117.csv.gz,13,6.5,7.0,945,True,2216.8931318150107,0.27483956895280115,5648.105018627159,17361.49301868428,False,True,False,1,True,True,True,3,True,True,True,3
2_14,SG_20170117.csv.gz,14,7.0,7.5,677,True,1492.562414631659,0.18354472529739185,3737.4398125098137,7294.393553552814,False,True,False,1,False,True,False,1,True,True,True,3
2_15,SG_20170117.csv.gz,15,7.5,8.0,669,True,1584.9941622336376,0.19768427204717295,11078.324583631733,31040.723969094077,True,True,True,3,True,True,False,2,True,True,True,3
2_16,SG_20170117.csv.gz,16,8.0,8.48099367638889,769,True,2042.2260614827944,0.23906661709293173,19749.893462631182,49776.93161137911,True,True,True,3,False,True,False,1,True,True,True,3
3_0,SG_20170123.csv.gz,0,0.0,0.5,1964,True,9422.10485984274,0.4013177926546252,13236.15765989143,26245.01601861959,False,True,False,1,True,True,True,3,True,True,True,3
3_1,SG_20170123.csv.gz,1,0.5,1.0,1082,True,3485.871962690306,0.2436704836619837,3990.170716278044,7768.829392226638,False,False,False,0,True,True,True,3,True,True,True,3
3_2,SG_20170123.csv.gz,2,1.0,1.5,1132,True,3120.932530117515,0.3215037521614579,17675.951866880514,37089.089997672025,True,True,True,3,False,True,False,1,True,True,True,3
3_3,SG_20170123.csv.gz,3,1.5,2.0,795,True,2007.4726244995247,0.23560964134132895,14837.856211907241,35732.043129237274,True,True,True,3,False,True,False,1,True,True,True,3
3_4,SG_20170123.csv.gz,4,2.0,2.5,488,True,963.979106020544,0.14651906308660065,8514.899266614031,23896.70813558078,False,False,False,0,True,True,True,3,True,True,True,3
3_5,SG_20170123.csv.gz,5,2.5,3.0,653,True,1866.7058435213391,0.1744148634560332,9834.955560848459,27724.85681336028,False,False,False,0,True,True,True,3,True,True,True,3
3_6,SG_20170123.csv.gz,6,3.0,3.5,521,True,1746.4896116394061,0.12929388764009217,14943.76969868264,40207.60544769212,True,True,True,3,True,True,False,2,True,True,True,3
3_7,SG_20170123.csv.gz,7,3.5,4.0,542,True,1844.2340226389265,0.13343008718157343,19041.43166372385,34008.12734504302,False,False,False,0,False,False,False,0,True,True,True,3
3_8,SG_20170123.csv.gz,8,4.0,4.5,394,True,832.5685125782785,0.11052488442325814,5097.3325828290035,17076.591093425108,False,True,False,1,False,True,False,1,True,True,True,3
3_9,SG_20170123.csv.gz,9,4.5,5.0,686,True,2655.9593656374745,0.17961878983400142,71863.15930728383,136518.3900856554,False,True,False,1,False,True,False,1,True,True,True,3
3_10,SG_20170123.csv.gz,10,5.0,5.5,738,True,2904.99667102822,0.19044501154463245,46168.70724413325,116589.633364098,False,False,False,0,True,True,True,3,True,True,True,3
3_11,SG_20170123.csv.gz,11,5.5,6.0,482,True,1430.7611766405998,0.12491078175136244,10290.355814216455,28654.424472250503,True,True,True,3,True,True,True,3,True,True,True,3
3_12,SG_20170123.csv.gz,12,6.0,6.5,593,True,1684.7126456116598,0.1549943886068309,7318.157880748793,20859.9082311551,False,True,False,1,True,True,True,3,True,True,True,3
3_13,SG_20170123.csv.gz,13,6.5,7.0,784,True,2365.951396198604,0.20913798386419657,13243.181264011711,29436.18414360703,False,True,False,1,False,True,False,1,True,True,True,3
3_14,SG_20170123.csv.gz,14,7.0,7.5,953,True,3671.815143064594,0.22572956372122494,14342.515151325639,30251.64823713223,False,False,False,0,False,True,True,2,True,True,True,3
3_15,SG_20170123.csv.gz,15,7.5,8.0,1107,True,4311.521572047512,0.2680632750054987,17694.6942873081,38143.58391549067,True,True,True,3,False,True,False,1,True,True,True,3
3_16,SG_20170123.csv.gz,16,8.0,8.482635571388888,1569,True,7946.560711050709,0.3696845418757965,68533.89873252918,130092.28093616334,True,True,True,3,False,True,False,1,True,True,True,3
4_0,SG_20170131.csv.gz,0,0.0,0.5,2178,True,9028.807709353143,0.47619252946197554,8614.269895075871,14948.435633259835,False,True,False,1,False,True,False,1,True,True,True,3
4_1,SG_20170131.csv.gz,1,0.5,1.0,1603,True,7235.853072643758,0.39560171498318675,58047.635954829595,102499.23732481875,False,True,False,1,True,True,False,2,True,True,True,3
4_2,SG_20170131.csv.gz,2,1.0,1.5,1502,True,6597.872238943295,0.31085160316135313,8621.208532121107,15523.931099153413,True,True,True,3,False,True,False,1,True,True,True,3
4_3,SG_20170131.csv.gz,3,1.5,2.0,840,True,2693.980345625302,0.21908097431285845,13582.485044562161,27839.828478840325,False,True,False,1,False,False,False,0,True,True,True,3
4_4,SG_20170131.csv.gz,4,2.0,2.5,808,True,2407.143935132135,0.22653420687397433,15678.416751651415,38614.70251229259,False,True,True,2,False,True,False,1,True,True,True,3
4_5,SG_20170131.csv.gz,5,2.5,3.0,821,True,2423.6641433611335,0.21990548165124071,9891.384368740813,24455.250615612746,False,True,True,2,False,True,False,1,True,True,True,3
4_6,SG_20170131.csv.gz,6,3.0,3.5,748,True,2521.8097904166743,0.19340669762781856,15517.766943541166,31068.885202493177,False,True,False,1,False,True,False,1,True,True,True,3
4_7,SG_20170131.csv.gz,7,3.5,4.0,736,True,2371.6364692107386,0.1746180033694152,5959.3568749668875,13317.941368910144,True,True,True,3,False,True,False,1,True,True,True,3
4_8,SG_20170131.csv.gz,8,4.0,4.5,786,True,2515.2286759116096,0.20700716491703575,16039.73355555726,33152.00420797136,False,True,False,1,False,True,True,2,True,True,True,3
4_9,SG_20170131.csv.gz,9,4.5,5.0,1095,True,3902.4583191004313,0.25799415551742194,9723.139118077524,16409.567341931823,False,True,False,1,True,True,True,3,True,True,True,3
4_10,SG_20170131.csv.gz,10,5.0,5.5,515,True,993.1214643114665,0.15341607214625003,6393.550894168006,16724.83652732598,False,False,False,0,False,False,False,0,True,True,True,3
4_11,SG_20170131.csv.gz,11,5.5,6.0,668,True,1566.2786494106392,0.19317133737053693,8347.988427254573,24670.18368905213,True,True,True,3,True,True,True,3,True,True,True,3
4_12,SG_20170131.csv.gz,12,6.0,6.5,678,True,1751.00891662512,0.18469553036979033,7094.213579122284,22813.699533048613,True,True,True,3,False,True,True,2,True,True,True,3
4_13,SG_20170131.csv.gz,13,6.5,7.0,1046,True,2767.7390577325973,0.2949368070848377,9244.553073344963,18470.428780117683,False,True,False,1,False,False,False,0,True,True,True,3
4_14,SG_20170131.csv.gz,14,7.0,7.5,1724,True,6352.325593399294,0.4149371092777742,13755.270157145756,18612.898273922303,False,False,False,0,True,True,True,3,True,True,True,3
4_15,SG_20170131.csv.gz,15,7.5,8.0,1406,True,4134.74731410315,0.3976160042961455,12566.571802911707,27028.538527867673,True,True,True,3,False,True,False,1,True,True,True,3
4_16,SG_20170131.csv.gz,16,8.0,8.482977427777778,2377,True,9238.642077660834,0.6978579415374849,42146.6923203516,84615.10846154584,False,True,False,1,False,True,False,1,True,True,True,3
5_0,SG_20170119.csv.gz,0,0.0,0.5,1488,True,5411.731291786333,0.3824654281090446,16983.631587632193,32143.275810177835,True,True,True,3,False,True,False,1,True,True,True,3
5_1,SG_20170119.csv.gz,1,0.5,1.0,815,True,2771.5987861369345,0.20266212404481423,12299.619275245328,29864.54159787378,False,False,False,0,True,True,True,3,True,True,True,3
5_2,SG_20170119.csv.gz,2,1.0,1.5,716,True,2175.3621864261813,0.1907069392752658,11592.780242148354,33101.43309667544,False,True,False,1,False,True,True,2,True,True,True,3
5_3,SG_20170119.csv.gz,3,1.5,2.0,530,True,1011.3283585579816,0.16219451326697223,7124.317468351014,24180.324130403296,True,True,True,3,True,True,True,3,True,True,True,3
5_4,SG_20170119.csv.gz,4,2.0,2.5,618,True,1682.552272871962,0.16530473390345565,8464.425605591934,23959.797494378683,True,True,True,3,False,True,False,1,True,True,True,3
5_5,SG_20170119.csv.gz,5,2.5,3.0,695,True,2890.072081872593,0.17139122928361528,50022.753029147,119803.21290708595,True,True,True,3,False,True,False,1,True,True,True,3
5_6,SG_20170119.csv.gz,6,3.0,3.5,378,True,776.011110550862,0.11097272806642158,7785.757548684875,27513.302685204708,True,True,True,3,False,True,False,1,True,True,True,3
5_7,SG_20170119.csv.gz,7,3.5,4.0,205,True,119.65391565700925,0.0700205856148628,4770.968498111448,27390.693036141016,False,True,False,1,False,True,False,1,True,True,True,3
5_8,SG_20170119.csv.gz,8,4.0,4.5,558,True,1924.5819820540664,0.10789309172732892,3053.090646132443,4684.85195962551,False,True,False,1,False,True,False,1,True,True,True,3
5_9,SG_20170119.csv.gz,9,4.5,5.0,1002,True,3194.3691379738593,0.26785452488781336,15720.530737730063,29896.2799278343,False,True,False,1,False,True,False,1,True,True,True,3
5_10,SG_20170119.csv.gz,10,5.0,5.5,552,True,1538.8087974061502,0.15102949369650884,16445.153904805764,32702.42272141006,False,False,False,0,False,False,False,0,True,True,True,3
5_11,SG_20170119.csv.gz,11,5.5,6.0,1484,True,5321.339988525318,0.37147580893498333,13067.952421619088,24989.890382839283,False,True,False,1,False,True,False,1,True,True,True,3
5_12,SG_20170119.csv.gz,12,6.0,6.5,1356,True,4669.378002366453,0.3366677155643442,10358.174906288865,18570.56751844104,False,True,True,2,True,True,False,2,True,True,True,3
5_13,SG_20170119.csv.gz,13,6.5,7.0,1088,True,3613.401206303426,0.2812381029656819,10959.667906024675,25792.750337856993,False,False,False,0,False,True,True,2,True,True,True,3
5_14,SG_20170119.csv.gz,14,7.0,7.5,957,True,2339.8252172971115,0.2823977071550828,10844.717504008839,24164.79878446474,False,False,False,0,False,False,False,0,True,True,True,3
5_15,SG_20170119.csv.gz,15,7.5,8.0,886,True,2689.071962112351,0.23653075848883465,11519.068574106826,25135.424067581596,False,True,False,1,False,True,False,1,True,True,True,3
5_16,SG_20170119.csv.gz,16,8.0,8.482312066111112,790,True,2154.6875128509837,0.23301016569379707,10758.520727916559,29695.492981541323,True,True,True,3,True,True,True,3,True,True,True,3
6_0,SG_20170126.csv.gz,0,0.0,0.5,3228,True,15870.293079696876,0.8443959399335559,62460.85009246575,128120.83918945947,True,True,True,3,False,True,False,1,True,True,True,3
6_1,SG_20170126.csv.gz,1,0.5,1.0,1660,True,6857.5679610456955,0.4449440432352493,56951.19646284691,110971.24200858743,False,False,False,0,False,False,False,0,True,True,True,3
6_2,SG_20170126.csv.gz,2,1.0,1.5,1444,True,5017.4302477893325,0.38399683286095726,13040.267859510464,28589.499589088697,True,True,True,3,False,True,False,1,True,True,True,3
6_3,SG_20170126.csv.gz,3,1.5,2.0,1006,True,3540.052195671338,0.25997109219701814,15877.80411282109,32645.56602300032,False,False,False,0,False,False,False,0,True,True,True,3
6_4,SG_20170126.csv.gz,4,2.0,2.5,664,True,1798.5579398427462,0.18113481216900146,12184.946855232207,24078.487312625584,False,False,False,0,False,False,False,0,True,True,True,3
6_5,SG_20170126.csv.gz,5,2.5,3.0,665,True,2588.4457322282046,0.16435487758127693,47436.12062216165,101022.28920170754,False,True,False,1,False,True,False,1,True,True,True,3
6_6,SG_20170126.csv.gz,6,3.0,3.5,506,True,1497.066557554785,0.14523055654061198,30950.569320670238,82719.51035052205,False,True,False,1,False,True,False,1,True,True,True,3
6_7,SG_20170126.csv.gz,7,3.5,4.0,862,True,4294.196915804571,0.1709921321076823,17832.049640374316,35177.175728853574,True,True,True,3,False,True,False,1,True,True,True,3
6_8,SG_20170126.csv.gz,8,4.0,4.5,593,True,1721.6840632679155,0.15832216191172307,11361.258522001675,24703.05555678843,True,True,True,3,False,True,False,1,True,True,True,3
6_9,SG_20170126.csv.gz,9,4.5,5.0,658,True,2427.111902629378,0.15258281075814462,10752.3661333838,27360.72716735503,False,True,True,2,True,True,True,3,True,True,True,3
6_10,SG_20170126.csv.gz,10,5.0,5.5,838,True,2738.685674789639,0.22109914856139323,19302.260775653223,35076.05090141545,True,True,True,3,True,True,True,3,True,True,True,3
6_11,SG_20170126.csv.gz,11,5.5,6.0,862,True,2987.304026920697,0.22649644773465727,21020.436639620788,43332.09398225156,False,True,False,1,False,False,False,0,True,True,True,3
6_12,SG_20170126.csv.gz,12,6.0,6.5,794,True,2532.9761321795295,0.2065392137158758,10590.176588489578,27137.12975824468,True,True,False,2,True,True,True,3,True,True,True,3
6_13,SG_20170126.csv.gz,13,6.5,7.0,1181,True,3839.6478544051765,0.31722651360613247,10872.962455549423,25425.131042818102,True,True,True,3,True,True,True,3,True,True,True,3
6_14,SG_20170126.csv.gz,14,7.0,7.5,1100,True,3829.733918567138,0.3078093936516325,53416.38505893657,112729.55019717221,False,True,False,1,False,True,False,1,True,True,True,3
6_15,SG_20170126.csv.gz,15,7.5,8.0,1074,True,3310.4658294933424,0.32351517858368817,47816.66795567682,93859.72385771225,True,True,True,3,False,True,False,1,True,True,True,3
6_16,SG_20170126.csv.gz,16,8.0,8.483127487500001,1128,True,3285.550947966549,0.3738862457959542,52555.440280322015,109536.3292746361,True,True,True,3,False,True,False,1,True,True,True,3
7_0,SG_20170201.csv.gz,0,0.0,0.5,2059,True,7912.327603768578,0.5134958633151618,10211.840097896411,19222.62353993203,True,True,True,3,False,True,False,1,True,True,True,3
7_1,SG_20170201.csv.gz,1,0.5,1.0,1527,True,5678.2058069988925,0.37651196687568866,13034.411948521569,23044.262692468415,True,True,True,3,False,True,False,1,True,True,True,3
7_2,SG_20170201.csv.gz,2,1.0,1.5,870,True,2074.6793999538563,0.23942430943896517,5286.9802952438195,9646.990803817529,True,True,True,3,False,False,False,0,True,True,True,3
7_3,SG_20170201.csv.gz,3,1.5,2.0,910,True,2605.512960173339,0.20214409482371054,2180.518774190837,3917.6843121437146,False,True,False,1,False,True,False,1,True,True,True,3
7_4,SG_20170201.csv.gz,4,2.0,2.5,573,True,1645.3296866999626,0.1532319573061527,11431.959388232312,27432.239128805206,False,True,False,1,False,True,False,1,True,True,True,3
7_5,SG_20170201.csv.gz,5,2.5,3.0,506,True,1225.1285886699939,0.14085095272596235,8516.236684323796,22857.07929155466,True,True,True,3,False,True,False,1,True,True,True,3
7_6,SG_20170201.csv.gz,6,3.0,3.5,407,True,1618.8576453722314,0.09125980865635586,13744.915263018738,33000.83855248539,False,True,False,1,False,True,False,1,True,True,True,3
7_7,SG_20170201.csv.gz,7,3.5,4.0,342,True,603.2881245725782,0.10261150467478751,5959.266605548329,24904.394159147905,False,False,False,0,True,True,True,3,True,True,True,3
7_8,SG_20170201.csv.gz,8,4.0,4.5,463,True,901.6335494966263,0.13834694068864767,8249.177791850994,25847.645529103014,False,False,False,0,True,True,True,3,True,True,True,3
7_9,SG_20170201.csv.gz,9,4.5,5.0,448,True,1405.349747714225,0.11212506204670633,12283.74984453882,31075.569623079402,False,False,False,0,True,True,True,3,True,True,True,3
7_10,SG_20170201.csv.gz,10,5.0,5.5,1055,True,3525.0723969832643,0.2622825398989161,12700.557662035506,22189.168225103393,True,True,True,3,True,True,True,3,True,True,True,3
7_11,SG_20170201.csv.gz,11,5.5,6.0,834,True,2846.8529850672007,0.19688174076821235,10324.809590165569,19605.590291426928,True,True,False,2,False,True,False,1,True,True,True,3
7_12,SG_20170201.csv.gz,12,6.0,6.5,1052,True,4388.073394374424,0.2260664351410134,14103.00199490556,24699.310492920617,False,True,False,1,False,True,False,1,True,True,True,3
7_13,SG_20170201.csv.gz,13,6.5,7.0,1334,True,5712.117153199744,0.2753239576707253,10279.879962643457,17450.024216289537,True,True,True,3,False,False,False,0,True,True,True,3
7_14,SG_20170201.csv.gz,14,7.0,7.5,1911,True,7612.494901005276,0.4779738965840577,17175.53785945485,31080.307183818255,False,False,False,0,False,False,False,0,True,True,True,3
7_15,SG_20170201.csv.gz,15,7.5,8.0,1472,True,5262.798552935071,0.42359590593920055,60452.35337189021,111119.65742236501,True,True,True,3,True,True,True,3,True,True,True,3
7_16,SG_20170201.csv.gz,16,8.0,8.482611275,1188,True,4670.314851977207,0.33100216216007416,54597.00634068343,119571.87449861554,True,True,True,3,False,True,False,1,True,True,True,3
8_0,SG_20170124.csv.gz,0,0.0,0.5,1087,True,3477.026752686283,0.22712648059596643,2172.59058240767,4183.201162847102,True,True,True,3,False,True,False,1,True,True,True,3
8_1,SG_20170124.csv.gz,1,0.5,1.0,586,True,1344.5607353312728,0.1708208271968123,8945.699444931935,25969.48790311604,True,True,True,3,False,True,False,1,True,True,True,3
8_2,SG_20170124.csv.gz,2,1.0,1.5,629,True,1776.306510996174,0.19286483744235697,50860.71769030217,128040.00363735776,True,True,True,3,False,True,False,1,True,True,True,3
8_3,SG_20170124.csv.gz,3,1.5,2.0,960,True,2908.0116906963235,0.2206451738546465,3898.848999084875,6635.913190792019,False,True,False,1,False,True,False,1,True,True,True,3
8_4,SG_20170124.csv.gz,4,2.0,2.5,848,True,3482.452191186109,0.18570429428758106,14618.428553261532,30122.663698760705,False,True,True,2,False,True,False,1,True,True,True,3
8_5,SG_20170124.csv.gz,5,2.5,3.0,512,True,1777.924370760139,0.12445840594010676,18990.482924937365,39397.2519735068,False,False,False,0,False,False,False,0,True,True,True,3
8_6,SG_20170124.csv.gz,6,3.0,3.5,457,True,1327.0119951492984,0.11629911148307939,10423.632727435897,28746.459324367854,False,False,False,0,True,True,True,3,True,True,True,3
8_7,SG_20170124.csv.gz,7,3.5,4.0,482,True,1972.6167631396704,0.0972052156293274,15687.995796071185,24762.905179863603,False,False,False,0,False,False,False,0,True,True,True,3
8_8,SG_20170124.csv.gz,8,4.0,4.5,439,True,1450.1808586448906,0.09866556836758927,7244.603961091849,16327.945640465723,True,True,True,3,False,True,False,1,True,True,True,3
8_9,SG_20170124.csv.gz,9,4.5,5.0,301,True,763.7216419778929,0.07249741971313024,4561.9981105694915,13081.004719394392,False,True,False,1,False,True,False,1,True,True,True,3
8_10,SG_20170124.csv.gz,10,5.0,5.5,412,True,1464.5939225550399,0.08718278607950485,7472.946273694629,17048.767491024584,False,True,True,2,False,True,False,1,True,True,True,3
8_11,SG_20170124.csv.gz,11,5.5,6.0,391,True,1545.2225288879242,0.0825753939318075,14690.239677426982,33735.867019275196,False,False,False,0,True,True,True,3,True,True,True,3
8_12,SG_20170124.csv.gz,12,6.0,6.5,541,True,1859.3414756648765,0.13282146114770343,19776.08442768836,36216.172339545046,False,True,False,1,False,True,False,1,True,True,True,3
8_13,SG_20170124.csv.gz,13,6.5,7.0,1026,True,4057.868750377933,0.24656450490579862,19310.20499216062,36639.5064088155,True,True,False,2,False,True,False,1,True,True,True,3
8_14,SG_20170124.csv.gz,14,7.0,7.5,745,True,2527.024697847393,0.20205890316089245,26364.201529210168,63464.581834443634,False,False,False,0,True,True,False,2,True,True,True,3
8_15,SG_20170124.csv.gz,15,7.5,8.0,788,True,3204.5643957300995,0.17428615934387315,17662.597248461814,33934.904368756645,True,True,True,3,False,True,False,1,True,True,True,3
8_16,SG_20170124.csv.gz,16,8.0,8.483203092777778,1122,True,5455.4350093711,0.2609361838901171,48720.39836096972,109798.6816042073,True,True,True,3,True,True,True,3,True,True,True,3
9_0,SG_20170120.csv.gz,0,0.0,0.5,1211,True,4572.6299089849135,0.23955020474921918,3859.7927343213173,6903.483224628784,False,False,False,0,False,True,False,1,True,True,True,3
9_1,SG_20170120.csv.gz,1,0.5,1.0,978,True,3402.7014818818716,0.24957010774042823,12686.948710343331,31771.441945989303,True,True,False,2,False,True,False,1,True,True,True,3
9_2,SG_20170120.csv.gz,2,1.0,1.5,1133,True,3266.6431291840713,0.31925292524477594,12075.549610854156,28139.806471964108,True,True,True,3,False,True,False,1,True,True,True,3
9_3,SG_20170120.csv.gz,3,1.5,2.0,1003,True,3326.0970773270524,0.25692202358936395,12898.901871492251,24778.240801807067,False,False,False,0,False,False,False,0,True,True,True,3
9_4,SG_20170120.csv.gz,4,2.0,2.5,591,True,1310.1654623426148,0.17271001501085506,7200.488932568682,22218.464414933365,False,True,False,1,True,True,True,3,True,True,True,3
9_5,SG_20170120.csv.gz,5,2.5,3.0,4703,True,25310.85706681672,1.126727958327281,131339.1934138033,153214.9803392088,True,True,True,3,True,True,True,3,True,True,True,3
9_6,SG_20170120.csv.gz,6,3.0,3.5,638,True,1915.0229100725296,0.16501120502324343,13108.523657344034,24943.717152831516,False,False,False,0,False,True,False,1,True,True,True,3
9_7,SG_20170120.csv.gz,7,3.5,4.0,600,True,1958.7919414314783,0.1457926717747357,9345.094947710284,21628.601594625114,False,True,False,1,True,True,False,2,True,True,True,3
9_8,SG_20170120.csv.gz,8,4.0,4.5,692,True,2626.0227742541465,0.15392224481221756,14270.813276998742,23792.372091417797,False,False,False,0,False,False,False,0,True,True,True,3
9_9,SG_20170120.csv.gz,9,4.5,5.0,590,True,2094.6608409545775,0.1610069673123753,56085.41493174874,133413.09703869905,False,True,False,1,False,True,False,1,True,True,True,3
9_10,SG_20170120.csv.gz,10,5.0,5.5,347,True,969.6965224295519,0.08822661492133713,7034.3657310207445,21759.265210389,True,True,True,3,False,True,False,1,True,True,True,3
9_11,SG_20170120.csv.gz,11,5.5,6.0,368,True,904.1744918351367,0.08529518004689497,1876.3454455510944,5805.867732884762,True,True,True,3,False,True,False,1,True,True,True,3
9_12,SG_20170120.csv.gz,12,6.0,6.5,614,True,1771.3321180734026,0.16561670611671567,14800.851735775334,32861.40587554112,False,False,False,0,False,False,False,0,True,True,True,3
9_13,SG_20170120.csv.gz,13,6.5,7.0,2035,True,6534.445886904799,0.6208172170996852,94434.7604120094,133068.9810605891,False,True,False,1,True,True,True,3,True,True,True,3
9_14,SG_20170120.csv.gz,14,7.0,7.5,299,True,640.2339764645842,0.0843767674228005,6801.656307223253,29872.426921710892,False,False,False,0,True,True,True,3,True,True,True,3
9_15,SG_20170120.csv.gz,15,7.5,8.0,564,True,1775.8872737212362,0.1476284519113161,16501.986629457282,36387.374746434674,False,True,False,1,False,True,False,1,True,True,True,3
9_16,SG_20170120.csv.gz,16,8.0,8.481760985833333,1128,True,5256.204108076053,0.2987978543830635,55349.70160258972,120390.39522455042,True,True,True,3,True,True,False,2,True,True,True,3
10_0,SG_20170118.csv.gz,0,0.0,0.5,1408,True,5976.899210539356,0.3129371037845124,14425.66038657188,25127.994579551745,False,True,False,1,False,True,False,1,True,True,True,3
10_1,SG_20170118.csv.gz,1,0.5,1.0,824,True,2920.5962773761953,0.19590650965733927,12491.994180729156,23496.673516031915,False,True,False,1,True,True,False,2,True,True,True,3
10_2,SG_20170118.csv.gz,2,1.0,1.5,486,True,1168.515118137635,0.1335150800011262,8653.175954515837,17102.202452131754,False,True,True,2,False,False,False,0,True,True,True,3
10_3,SG_20170118.csv.gz,3,1.5,2.0,376,True,640.5628614090887,0.11278809659331036,4765.963059801818,16172.743527071892,True,True,True,3,True,True,True,3,True,True,True,3
10_4,SG_20170118.csv.gz,4,2.0,2.5,621,True,1862.9597442834997,0.17283877122744334,22277.55136791059,46792.38250399241,False,True,False,1,False,True,False,1,True,True,True,3
10_5,SG_20170118.csv.gz,5,2.5,3.0,544,True,1400.4888168832863,0.14668182777216826,7783.840462619404,17318.007771582088,True,True,True,3,False,False,False,0,True,True,True,3
10_6,SG_20170118.csv.gz,6,3.0,3.5,319,True,707.3831080479713,0.07392510107814677,2150.811521374453,3693.4547799925995,False,False,False,0,False,False,False,0,True,True,True,3
10_7,SG_20170118.csv.gz,7,3.5,4.0,476,True,1516.240062527149,0.12034282436897847,14540.791912321185,28838.594625541205,True,True,True,3,True,True,False,2,True,True,True,3
10_8,SG_20170118.csv.gz,8,4.0,4.5,491,True,1402.3616324406048,0.12938286349550202,12413.130179013977,26849.220373565644,False,True,False,1,False,True,False,1,True,True,True,3
10_9,SG_20170118.csv.gz,9,4.5,5.0,564,True,1368.0245821973035,0.1325338324909448,2039.2437636299708,4176.914814216086,False,False,False,0,False,True,False,1,True,True,True,3
10_10,SG_20170118.csv.gz,10,5.0,5.5,552,True,1453.058099104568,0.13643311391211344,3625.1102405224287,7838.598851553756,False,True,False,1,False,False,False,0,True,True,True,3
10_11,SG_20170118.csv.gz,11,5.5,6.0,420,True,991.7595524484759,0.10946739746946983,4180.0691934399065,12951.51501969229,False,False,False,0,True,True,True,3,True,True,True,3
10_12,SG_20170118.csv.gz,12,6.0,6.5,577,True,2039.5776893256782,0.13851124630988093,17358.46759192408,33283.03244596412,True,True,True,3,False,True,False,1,True,True,True,3
10_13,SG_20170118.csv.gz,13,6.5,7.0,1159,True,4414.68963179174,0.27660826611469747,12708.073633445782,25940.73349202955,True,True,False,2,True,True,False,2,True,True,True,3
10_14,SG_20170118.csv.gz,14,7.0,7.5,811,True,1877.503299861294,0.2385255197655876,7315.6951217182805,21919.448223165087,True,False,False,1,True,True,True,3,True,True,True,3
10_15,SG_20170118.csv.gz,15,7.5,8.0,838,True,3188.0806913201604,0.20314239250014562,14335.115638053794,25368.388176298395,True,True,False,2,False,False,False,0,True,True,True,3
10_16,SG_20170118.csv.gz,16,8.0,8.482718966944445,794,True,3546.3593728085316,0.1886605225666305,41948.9389016769,79916.52846018839,True,True,True,3,False,False,False,0,True,True,True,3
11_0,SG_20170130.csv.gz,0,0.0,0.5,1537,True,5270.687413610046,0.30157581492752245,1674.0891488543296,3275.585305940064,True,True,True,3,True,True,True,3,True,True,True,3
11_1,SG_20170130.csv.gz,1,0.5,1.0,1576,True,5731.626365075513,0.3031742323641815,2084.060867804952,3913.165653634426,False,True,True,2,False,True,False,1,True,True,True,3
11_2,SG_20170130.csv.gz,2,1.0,1.5,656,True,1752.3783220208995,0.1850193370681025,13658.271727042667,31636.128134643324,False,True,False,1,False,False,False,0,True,True,True,3
11_3,SG_20170130.csv.gz,3,1.5,2.0,780,True,2595.4386230824534,0.15187483300929538,2543.7439558081437,3919.169463641925,False,False,False,0,False,False,False,0,True,True,True,3
11_4,SG_20170130.csv.gz,4,2.0,2.5,458,True,867.9877570187482,0.11815326950422111,1674.7815875233186,4715.235892919271,True,True,True,3,True,True,True,3,True,True,True,3
11_5,SG_20170130.csv.gz,5,2.5,3.0,525,True,1587.7016863150363,0.09843188773876585,1338.5124326478176,2813.1217535559945,False,False,False,0,True,True,True,3,True,True,True,3
11_6,SG_20170130.csv.gz,6,3.0,3.5,442,True,1191.0532955042906,0.11682191438383063,10287.564505178512,23032.32731705445,False,True,True,2,False,False,False,0,True,True,True,3
11_7,SG_20170130.csv.gz,7,3.5,4.0,457,True,1014.6247934921557,0.12981173150760125,10810.513760193706,20382.925701118344,False,False,False,0,False,False,False,0,True,True,True,3
11_8,SG_20170130.csv.gz,8,4.0,4.5,514,True,1419.0818861149637,0.11147785473261355,1801.1932440957835,4131.576844804514,False,True,False,1,False,True,False,1,True,True,True,3
11_9,SG_20170130.csv.gz,9,4.5,5.0,534,True,1600.9866226672639,0.10999790200912307,2253.977835137314,4760.625868085041,False,True,False,1,True,True,True,3,True,True,True,3
11_10,SG_20170130.csv.gz,10,5.0,5.5,521,True,1648.9645636889263,0.12276892762202035,6947.147210488977,13657.525943519764,False,True,False,1,False,True,False,1,True,True,True,3
11_11,SG_20170130.csv.gz,11,5.5,6.0,409,True,1040.9187226141628,0.11498649677521597,13210.24206067948,40293.094988947596,False,True,False,1,False,True,False,1,True,True,True,3
11_12,SG_20170130.csv.gz,12,6.0,6.5,832,True,3193.718749181429,0.18525247150056345,11197.048163192076,21734.08834541541,True,True,True,3,False,True,False,1,True,True,True,3
11_13,SG_20170130.csv.gz,13,6.5,7.0,1530,True,5302.879849693814,0.332079496895766,3677.8584725069563,6491.941261942921,True,True,True,3,True,True,False,2,True,True,True,3
11_14,SG_20170130.csv.gz,14,7.0,7.5,1547,True,5011.709571538684,0.4145174249009879,12979.895147628193,24876.281655741343,False,False,False,0,False,True,False,1,True,True,True,3
11_15,SG_20170130.csv.gz,15,7.5,8.0,1520,True,5397.046212928772,0.38370928557557343,14282.59166342243,25474.369075722152,False,False,False,0,False,False,False,0,True,True,True,3
11_16,SG_20170130.csv.gz,16,8.0,8.481685744722222,1529,True,5985.073050289183,0.3731931549720938,14068.3725402705,25933.53445401481,False,False,False,0,False,False,False,0,True,True,True,3
