,file,interval_idx,t_start_hours,t_end_hours,n_events,success,log_likelihood,mu,alphas,betas,ks_reject_khmaladze,ad_reject_khmaladze,cvm_reject_khmaladze,rejected_count_khmaladze,ks_reject_naive,ad_reject_naive,cvm_reject_naive,rejected_count_naive,ks_reject_exp,ad_reject_exp,cvm_reject_exp,rejected_count_exp
0_0,SG_20170127.csv.gz,0,0.0,0.25,676,True,2391.774630589347,0.12868352980484787,[1.29649119e+02 7.85106371e+02 8.95937856e-02],[2.00911435e+05 1.15426092e+03 6.06377318e-01],False,False,False,0,False,False,False,0,True,True,True,3
0_1,SG_20170127.csv.gz,1,0.25,0.5,624,True,1851.3162222747615,0.1259755294049843,[1.13106874e+02 6.92347274e+02 1.09590047e-01],[2.09821506e+05 1.10074046e+03 5.77940593e-01],False,False,False,0,False,False,False,0,True,True,True,3
0_2,SG_20170127.csv.gz,2,0.5,0.75,454,True,1248.5436825939128,0.10984847181245251,[8.47562285e+01 5.50215109e+02 4.00311128e-02],[2.08268714e+05 8.65121246e+02 2.68834348e-01],False,False,False,0,False,False,False,0,True,True,True,3
0_3,SG_20170127.csv.gz,3,0.75,1.0,533,True,1206.43771700575,0.14240044121972842,[1.04851575e+02 5.98183243e+02 1.01491946e-01],[2.15832344e+05 1.05167808e+03 5.32962896e-01],False,False,False,0,False,False,False,0,True,True,True,3
0_4,SG_20170127.csv.gz,4,1.0,1.25,823,True,2410.979673002972,0.18963287694846526,[9.62190256e+01 6.09573669e+02 1.00099490e-01],[2.22710691e+05 9.77566837e+02 5.93587150e-01],False,False,False,0,False,False,False,0,True,True,True,3
0_5,SG_20170127.csv.gz,5,1.25,1.5,611,True,1857.4336813337386,0.141660000604921,[1.20275490e+02 7.92418662e+02 1.31707486e-01],[2.19191792e+05 1.29199292e+03 7.40890078e-01],False,False,False,0,False,False,False,0,True,True,True,3
0_6,SG_20170127.csv.gz,6,1.5,1.75,345,True,896.599768566849,0.07307756220398136,[5.24108747e+01 4.04744464e+02 5.28794773e-02],[2.41353625e+05 6.36209297e+02 3.05740292e-01],False,False,False,0,False,False,False,0,True,True,True,3
0_7,SG_20170127.csv.gz,7,1.75,2.0,625,True,2439.678455531041,0.11936114216230351,[1.09707595e+02 8.17553269e+02 5.46224588e-02],[2.43646673e+05 1.16222701e+03 4.40131080e-01],False,False,False,0,False,False,False,0,True,True,True,3
0_8,SG_20170127.csv.gz,8,2.0,2.25,410,True,1173.3969656215213,0.08596633697750415,[5.23717081e+01 3.70981799e+02 2.34252699e-02],[2.17047176e+05 5.40368416e+02 1.87605906e-01],False,False,False,0,False,False,False,0,True,True,True,3
0_9,SG_20170127.csv.gz,9,2.25,2.5,437,True,1705.1194987719623,0.08172879028974722,[2.92472288e+02 1.86376215e+03 1.54981293e-01],[2.32107994e+05 2.83783121e+03 8.92452595e-01],False,False,False,0,False,False,False,0,True,True,True,3
0_10,SG_20170127.csv.gz,10,2.5,2.75,254,True,791.0903286648089,0.07950195940482375,[1.00025014e+05 1.29302168e+01 2.13319400e-02],[2.27177701e+05 8.52931378e+01 1.55626441e-01],False,False,False,0,False,False,False,0,True,True,True,3
0_11,SG_20170127.csv.gz,11,2.75,3.0,673,True,1774.5276191718244,0.14304086663153046,[6.33420495e+01 3.66753703e+02 1.85857470e-01],[2.17966736e+05 6.06742645e+02 9.10678112e-01],False,False,False,0,False,False,False,0,True,True,True,3
0_12,SG_20170127.csv.gz,12,3.0,3.25,404,True,1210.6702491259964,0.08805489873734416,[1.46930852e+02 8.31910622e+02 4.46569368e-02],[2.21303952e+05 1.26108787e+03 3.10880799e-01],False,False,False,0,False,False,False,0,True,True,True,3
0_13,SG_20170127.csv.gz,13,3.25,3.5,354,True,861.513809737063,0.0863669758370574,[1.55113384e+02 8.57384226e+02 8.40859789e-02],[2.05973268e+05 1.44109173e+03 4.54927353e-01],True,False,False,1,False,False,False,0,True,True,True,3
0_14,SG_20170127.csv.gz,14,3.5,3.75,561,True,2051.823046144627,0.10797800134928265,[2.98992140e+02 1.67533500e+03 1.28736522e-01],[2.12784465e+05 2.60906187e+03 7.04322264e-01],False,False,False,0,False,False,False,0,True,True,True,3
0_15,SG_20170127.csv.gz,15,3.75,4.0,135,True,191.294129784109,0.055754894348084415,[6.02348681e+02 2.49816873e+03 2.53817779e-02],[2.09623040e+05 5.13977587e+03 1.80967124e-01],False,False,False,0,False,False,False,0,True,True,True,3
0_16,SG_20170127.csv.gz,16,4.0,4.25,255,True,848.4993977560862,0.05981322442721352,[1.81685955e+02 1.21668112e+03 4.07956236e-02],[2.25065446e+05 1.87271239e+03 2.94592194e-01],False,False,False,0,False,False,False,0,True,True,True,3
0_17,SG_20170127.csv.gz,17,4.25,4.5,165,True,218.9165550647619,0.050538665823586994,[9.89945852e+01 5.32235856e+02 5.45880043e-02],[2.31157863e+05 1.04551634e+03 2.54019113e-01],False,False,False,0,False,False,False,0,True,True,True,3
0_18,SG_20170127.csv.gz,18,4.5,4.75,202,True,360.53008897306177,0.05773907090434241,[5.48701632e+01 3.16326990e+02 2.05198079e-02],[2.15791897e+05 5.31726563e+02 1.36930880e-01],False,False,False,0,False,False,False,0,True,True,True,3
0_19,SG_20170127.csv.gz,19,4.75,5.0,397,True,826.495930730387,0.0870853857095995,[3.50813508e+01 2.44351455e+02 4.78521144e-02],[2.15423512e+05 3.98086711e+02 2.52369234e-01],False,False,False,0,False,False,False,0,True,True,True,3
0_20,SG_20170127.csv.gz,20,5.0,5.25,283,True,579.8484599690236,0.05565647088247894,[3.33017107e+01 2.31100607e+02 4.07915144e-02],[2.04725785e+05 3.68243900e+02 2.08569888e-01],False,False,False,0,False,False,False,0,True,True,True,3
0_21,SG_20170127.csv.gz,21,5.25,5.5,445,True,1211.8124331175084,0.06583534301729732,[7.53803312e+01 4.34722706e+02 7.44033240e-02],[1.96320265e+05 6.33227116e+02 4.13418795e-01],True,False,True,2,False,False,False,0,True,True,True,3
0_22,SG_20170127.csv.gz,22,5.5,5.75,386,True,669.6279539924035,0.09789988254512139,[1.37448690e+01 1.02453251e+02 2.59537988e-02],[2.24562648e+05 1.57628939e+02 2.11777198e-01],False,False,False,0,False,False,False,0,True,True,True,3
0_23,SG_20170127.csv.gz,23,5.75,6.0,838,True,2585.503515223837,0.14454880118878813,[1.10742595e+02 5.95784975e+02 3.38291830e-01],[2.23244422e+05 9.62858091e+02 1.49830068e+00],False,False,False,0,False,False,False,0,True,True,True,3
0_24,SG_20170127.csv.gz,24,6.0,6.25,378,True,836.3652286200077,0.07847260455666308,[2.73099219e+01 2.06051061e+02 1.91952461e-02],[2.39172915e+05 3.00266309e+02 1.51273969e-01],False,False,False,0,False,False,False,0,True,True,True,3
0_25,SG_20170127.csv.gz,25,6.25,6.5,344,True,949.033734618378,0.08269888769217788,[1.15381715e+02 7.57724918e+02 4.22089496e-02],[2.16303982e+05 1.21666817e+03 2.63572471e-01],False,False,False,0,False,False,False,0,True,True,True,3
0_26,SG_20170127.csv.gz,26,6.5,6.75,412,True,894.9357364842692,0.13978333751186217,[1.13621409e+02 6.72779051e+02 3.97857267e-02],[2.21863896e+05 1.21414592e+03 2.83124709e-01],False,False,False,0,False,False,False,0,True,True,True,3
0_27,SG_20170127.csv.gz,27,6.75,7.0,562,True,1340.4175848806346,0.22464300341369822,[6.76285105e+04 1.67234761e+02 1.24887972e-01],[2.13587093e+05 1.25713926e+03 6.58711698e-01],True,True,True,3,False,False,False,0,True,True,True,3
0_28,SG_20170127.csv.gz,28,7.0,7.25,437,True,1167.9136294341135,0.08896881530484914,[7.23057028e+01 4.77350611e+02 5.62852231e-02],[2.14547638e+05 7.48640668e+02 3.14310103e-01],False,False,False,0,False,False,False,0,True,True,True,3
0_29,SG_20170127.csv.gz,29,7.25,7.5,324,True,740.4666751493999,0.12472434841765596,[7.20277236e+01 4.84192615e+02 1.30719807e-02],[2.28940595e+05 8.11647689e+02 2.30616190e-01],False,True,False,1,True,False,False,1,True,True,True,3
0_30,SG_20170127.csv.gz,30,7.5,7.75,398,True,984.2195842125457,0.10177823492590758,[7.60408950e+01 4.42692298e+02 5.45690205e-02],[2.16286596e+05 7.13151321e+02 3.63906247e-01],False,False,False,0,False,False,False,0,True,True,True,3
0_31,SG_20170127.csv.gz,31,7.75,8.0,455,True,1491.9151982619103,0.10666215670621423,[2.49722140e+02 1.27619847e+03 8.93621916e-02],[2.25058104e+05 2.02169134e+03 5.67098444e-01],False,False,False,0,False,False,False,0,True,True,True,3
0_32,SG_20170127.csv.gz,32,8.0,8.25,722,True,2267.474951044769,0.15117312891620757,[5.57049185e+01 3.79586382e+02 5.78135677e-02],[2.29353030e+05 5.68488661e+02 4.02447672e-01],False,False,False,0,False,False,False,0,True,True,True,3
0_33,SG_20170127.csv.gz,33,8.25,8.480346217222223,656,True,1873.3025290137202,0.13391753034952658,[5.36485497e+01 3.02646785e+02 6.81658814e-02],[2.15826519e+05 4.47010177e+02 4.40647808e-01],False,False,False,0,False,False,False,0,True,True,True,3
1_0,SG_20170125.csv.gz,0,0.0,0.25,1036,True,4253.055207678665,0.26078821810282016,[8.81607109e+04 1.93663051e+02 1.43338097e-01],[2.07813225e+05 1.07659296e+03 8.52808898e-01],False,False,False,0,False,False,False,0,True,True,True,3
1_1,SG_20170125.csv.gz,1,0.25,0.5,989,True,3299.766751949293,0.21848857006188993,[8.87385080e+01 5.75760263e+02 8.59148444e-02],[2.16639116e+05 8.56074199e+02 6.70246419e-01],False,False,False,0,False,False,False,0,True,True,True,3
1_2,SG_20170125.csv.gz,2,0.5,0.75,929,True,3117.0519136697058,0.21420422628210714,[5.29767343e+01 4.25987838e+02 4.52517711e-02],[2.38528579e+05 6.16576611e+02 4.46965531e-01],False,False,False,0,False,False,False,0,True,True,True,3
1_3,SG_20170125.csv.gz,3,0.75,1.0,803,True,1968.392932736524,0.20730312372524518,[4.36666655e+01 2.94727573e+02 5.62533395e-02],[2.04551887e+05 4.56677909e+02 4.53543239e-01],True,True,True,3,False,False,False,0,True,True,True,3
1_4,SG_20170125.csv.gz,4,1.0,1.25,496,True,1154.5357590858566,0.14302081529743557,[5.46740589e+01 3.42042623e+02 3.83268514e-02],[2.14993490e+05 5.47236699e+02 3.32134112e-01],True,False,False,1,False,False,False,0,True,True,True,3
1_5,SG_20170125.csv.gz,5,1.25,1.5,392,True,920.0940065016857,0.10888752241293437,[5.81526618e+01 3.66677081e+02 4.19964016e-02],[2.13839869e+05 6.00178182e+02 3.02549037e-01],False,False,False,0,False,False,False,0,True,True,True,3
1_6,SG_20170125.csv.gz,6,1.5,1.75,428,True,989.1090868107606,0.11024381542166599,[3.46586839e+01 2.25728570e+02 2.79788121e-02],[2.08903608e+05 3.46851606e+02 2.37952327e-01],False,False,False,0,False,False,False,0,True,True,True,3
1_7,SG_20170125.csv.gz,7,1.75,2.0,528,True,1733.849102968676,0.11144474146634206,[7.80354578e+01 5.32660203e+02 3.79434544e-02],[2.27917475e+05 7.67958607e+02 3.26251591e-01],False,False,False,0,False,False,False,0,True,True,True,3
1_8,SG_20170125.csv.gz,8,2.0,2.25,315,True,737.436407097739,0.1080063144338292,[2.57054883e+01 1.86577919e+02 3.14335638e-03],[2.22606872e+05 2.77905023e+02 1.56780632e-01],False,False,False,0,False,False,False,0,True,True,True,3
1_9,SG_20170125.csv.gz,9,2.25,2.5,325,True,1170.659193906261,0.0880889571199481,[2.06917957e+02 1.26616646e+03 2.07870387e-02],[2.23176568e+05 1.87016815e+03 2.63218090e-01],True,False,False,1,False,False,False,0,True,True,True,3
1_10,SG_20170125.csv.gz,10,2.5,2.75,671,True,2747.060751163106,0.1357017814881748,[1.28166609e+02 9.35738049e+02 5.12610065e-02],[2.22431577e+05 1.30961650e+03 4.94187264e-01],False,False,False,0,False,False,False,0,True,True,True,3
1_11,SG_20170125.csv.gz,11,2.75,3.0,344,True,819.9977839040918,0.08265578054461054,[2.86964156e+01 2.17222986e+02 2.41752525e-02],[2.30872040e+05 3.34718746e+02 1.79352874e-01],False,False,False,0,False,False,False,0,True,True,True,3
1_12,SG_20170125.csv.gz,12,3.0,3.25,293,True,815.3500290759134,0.08410449767742283,[3.97476705e+01 2.85562904e+02 5.99201415e-03],[2.18623630e+05 4.10184336e+02 1.30732003e-01],False,False,False,0,False,False,False,0,True,True,True,3
1_13,SG_20170125.csv.gz,13,3.25,3.5,363,True,832.4973200172644,0.08373884800601257,[1.14351927e+02 5.94274146e+02 1.33746633e-01],[1.93511368e+05 1.02625758e+03 6.28332734e-01],False,False,False,0,False,False,False,0,True,True,True,3
1_14,SG_20170125.csv.gz,14,3.5,3.75,377,True,1106.305632394457,0.09438954973465048,[6.37286210e+01 4.30022502e+02 1.96708096e-02],[2.07267510e+05 6.36438321e+02 1.97488176e-01],True,False,True,2,False,False,False,0,True,True,True,3
1_15,SG_20170125.csv.gz,15,3.75,4.0,279,True,539.9379187668634,0.06892493232197862,[3.78709453e+01 2.33104243e+02 2.60303196e-02],[2.04906065e+05 3.68349333e+02 1.75669893e-01],False,False,False,0,False,False,False,0,True,True,True,3
1_16,SG_20170125.csv.gz,16,4.0,4.25,269,True,904.406305047901,0.07007977942315925,[6.6028480e+01 6.4067161e+02 2.0306637e-02],[2.54119309e+05 9.70082621e+02 1.92833910e-01],False,False,False,0,False,False,False,0,True,True,True,3
1_17,SG_20170125.csv.gz,17,4.25,4.5,246,True,332.959142510495,0.09065972555952748,[1.44546276e+01 8.73447402e+01 3.85530235e-03],[2.27683355e+05 1.36611588e+02 1.29404771e-01],True,True,True,3,False,False,False,0,True,True,True,3
1_18,SG_20170125.csv.gz,18,4.5,4.75,200,True,597.8928921500035,0.06461839917782763,[8.95803224e+04 3.97513195e+00 6.51599911e-03],[2.05380186e+05 2.04880113e+01 8.03571118e-02],False,False,False,0,False,False,False,0,True,True,True,3
1_19,SG_20170125.csv.gz,19,4.75,5.0,273,True,555.7647720871578,0.08150821800011679,[2.72912743e+01 1.88421722e+02 1.92650710e-02],[2.25256871e+05 3.00973283e+02 1.81881921e-01],False,False,False,0,False,False,False,0,True,True,True,3
1_20,SG_20170125.csv.gz,20,5.0,5.25,285,True,339.8970034193193,0.08289842602975332,[9.08300862e+00 6.91052456e+01 3.13714517e-02],[2.12623356e+05 1.17247469e+02 2.09670012e-01],False,False,False,0,False,False,False,0,True,True,True,3
1_21,SG_20170125.csv.gz,21,5.25,5.5,450,True,1630.310375417197,0.09067043690374893,[1.32367900e+02 9.46383593e+02 5.43944801e-02],[2.30428685e+05 1.40503863e+03 3.76380993e-01],False,False,False,0,False,False,False,0,True,True,True,3
1_22,SG_20170125.csv.gz,22,5.5,5.75,388,True,1311.9901254088625,0.07187929546867373,[4.98640999e+01 3.98263701e+02 1.94005150e-02],[2.29690806e+05 5.63110767e+02 1.52853766e-01],False,False,False,0,False,False,False,0,True,True,True,3
1_23,SG_20170125.csv.gz,23,5.75,6.0,511,True,1744.8883784111454,0.10683063892725886,[1.28278445e+02 7.30483929e+02 6.77255092e-02],[2.18344302e+05 1.08800154e+03 4.42481119e-01],False,True,False,1,False,False,False,0,True,True,True,3
1_24,SG_20170125.csv.gz,24,6.0,6.25,768,True,3066.2505371814614,0.15561129399118223,[1.75914973e+02 1.13302143e+03 7.90173057e-02],[2.28980742e+05 1.66759339e+03 5.76526156e-01],False,False,False,0,False,False,False,0,True,True,True,3
1_25,SG_20170125.csv.gz,25,6.25,6.5,486,True,1586.4895492341914,0.1410567743701446,[8.61491717e+01 6.16363016e+02 1.67752264e-02],[2.10254063e+05 9.33480725e+02 2.11399945e-01],False,False,False,0,False,False,False,0,True,True,True,3
1_26,SG_20170125.csv.gz,26,6.5,6.75,623,True,1769.3812002573954,0.17567791505527344,[1.14077264e+02 6.01837688e+02 7.80639676e-02],[2.17514081e+05 9.78318363e+02 5.91946403e-01],False,False,False,0,False,False,False,0,True,True,True,3
1_27,SG_20170125.csv.gz,27,6.75,7.0,692,True,1894.0611683569325,0.1796641600919069,[8.31240991e+01 5.21522621e+02 1.10424316e-01],[2.14673402e+05 8.70621412e+02 6.60764945e-01],False,False,False,0,False,False,False,0,True,True,True,3
1_28,SG_20170125.csv.gz,28,7.0,7.25,675,True,1830.6500707629402,0.14729065393908627,[5.83060264e+01 3.64394489e+02 8.44451202e-02],[2.17772561e+05 5.60892585e+02 5.48330729e-01],False,False,False,0,False,False,False,0,True,True,True,3
1_29,SG_20170125.csv.gz,29,7.25,7.5,913,True,4144.338359528809,0.22445691832371004,[1.03538528e+05 4.23426960e+01 5.24878115e-02],[2.15495367e+05 2.33150630e+02 4.47010382e-01],False,False,False,0,False,False,False,0,True,True,True,3
1_30,SG_20170125.csv.gz,30,7.5,7.75,762,True,2420.144142705134,0.20316766775079817,[1.15249802e+02 7.30825021e+02 5.31771280e-02],[2.10683100e+05 1.12707879e+03 4.74947417e-01],False,False,False,0,False,False,False,0,True,True,True,3
1_31,SG_20170125.csv.gz,31,7.75,8.0,1304,True,5936.224860122782,0.24495706497980732,[7.37104221e+01 6.53513692e+02 3.25245717e-02],[2.21756518e+05 8.51703879e+02 5.12539546e-01],False,False,False,0,False,False,False,0,True,True,True,3
1_32,SG_20170125.csv.gz,32,8.0,8.25,1041,True,3774.24106730193,0.2809567621639498,[1.33242752e+02 8.82899956e+02 5.49487020e-02],[2.03512914e+05 1.33066215e+03 5.90237090e-01],False,False,False,0,False,False,False,0,True,True,True,3
1_33,SG_20170125.csv.gz,33,8.25,8.4821780075,948,True,2839.3705786273304,0.29165468002556844,[4.48588705e+01 3.07787410e+02 3.92474621e-02],[1.95559223e+05 4.62589173e+02 5.07577378e-01],False,False,False,0,False,False,False,0,True,True,True,3
2_0,SG_20170117.csv.gz,0,0.0,0.25,546,True,1823.3580393509867,0.12672761207402763,[8.95611774e+01 6.65440888e+02 2.24796493e-02],[2.06831487e+05 9.76827805e+02 2.04945988e-01],False,False,False,0,False,False,False,0,True,True,True,3
2_1,SG_20170117.csv.gz,1,0.25,0.5,740,True,2394.4283127157887,0.15910880479381115,[9.56566289e+01 6.36712016e+02 9.49979105e-02],[2.24516500e+05 9.66404288e+02 6.43119765e-01],False,False,False,0,False,False,False,0,True,True,True,3
2_2,SG_20170117.csv.gz,2,0.5,0.75,481,True,1373.8659657224414,0.11878935922157234,[1.24496272e+02 7.89635939e+02 6.64104519e-02],[2.20688665e+05 1.28706792e+03 4.04915649e-01],False,False,False,0,False,False,False,0,True,True,True,3
2_3,SG_20170117.csv.gz,3,0.75,1.0,479,True,1131.100701573885,0.12889763490757553,[5.46436879e+01 3.20549559e+02 4.79982008e-02],[2.09158805e+05 5.12386618e+02 3.63459997e-01],False,False,False,0,False,False,False,0,True,True,True,3
2_4,SG_20170117.csv.gz,4,1.0,1.25,330,True,618.4170011953746,0.0858679557556047,[3.47548018e+01 2.28411587e+02 2.89549499e-02],[2.04559397e+05 3.69435888e+02 1.91546992e-01],False,False,False,0,False,False,False,0,True,True,True,3
2_5,SG_20170117.csv.gz,5,1.25,1.5,174,True,224.27164907959155,0.07102771128601607,[5.99228566e+04 4.26795594e+01 4.18061590e-02],[2.02094368e+05 2.91905423e+02 2.21794872e-01],False,False,False,0,False,False,False,0,True,True,False,2
2_6,SG_20170117.csv.gz,6,1.5,1.75,265,True,677.365927019247,0.08622109564121196,[2.30021876e+02 1.21267221e+03 1.89858208e-02],[2.10733384e+05 2.02492193e+03 1.74544297e-01],True,True,True,3,False,False,False,0,True,True,True,3
2_7,SG_20170117.csv.gz,7,1.75,2.0,235,True,504.4208499703544,0.06327906199312983,[8.72016549e+01 6.56657278e+02 2.74217353e-02],[2.35270637e+05 1.09696704e+03 1.72802119e-01],False,False,False,0,False,False,False,0,True,True,True,3
2_8,SG_20170117.csv.gz,8,2.0,2.25,211,True,156.14015894984874,0.10460083542651924,[2.74419893e+01 1.55077867e+02 2.48771485e-03],[2.17976860e+05 2.90643575e+02 1.23811275e-01],False,False,False,0,False,False,False,0,True,True,True,3
2_9,SG_20170117.csv.gz,9,2.25,2.5,556,True,1447.8440387475036,0.12213390070152289,[5.00729466e+01 3.35756817e+02 5.16224320e-02],[2.20876067e+05 5.17429632e+02 3.35790049e-01],False,False,False,0,False,False,False,0,True,True,True,3
2_10,SG_20170117.csv.gz,10,2.5,2.75,200,True,381.47829774785475,0.0581014383477924,[1.75760531e+01 1.32707687e+02 7.91715274e-03],[2.29310775e+05 1.99053624e+02 1.09916115e-01],False,False,False,0,False,False,False,0,True,True,True,3
2_11,SG_20170117.csv.gz,11,2.75,3.0,353,True,1138.6510185915552,0.09674017747049739,[1.54671331e+02 1.11338628e+03 4.81478021e-02],[2.30496804e+05 1.78343146e+03 3.74145474e-01],False,False,False,0,False,False,False,0,True,True,True,3
2_12,SG_20170117.csv.gz,12,3.0,3.25,385,True,807.9587344054395,0.0994992563702575,[4.08967126e+01 2.35205308e+02 3.56080718e-02],[2.07519022e+05 3.76523230e+02 2.49870648e-01],False,False,False,0,False,False,False,0,True,True,True,3
2_13,SG_20170117.csv.gz,13,3.25,3.5,393,True,853.2361841611444,0.09896463153438798,[4.07173943e+01 2.67508513e+02 4.55631762e-02],[2.11872892e+05 4.33813302e+02 2.87618154e-01],False,False,False,0,False,False,False,0,True,True,True,3
2_14,SG_20170117.csv.gz,14,3.5,3.75,533,True,1606.3559308931517,0.10808566832823983,[1.06644047e+02 6.73222835e+02 1.10974769e-01],[2.14470492e+05 1.08063588e+03 5.72427614e-01],False,False,False,0,False,False,False,0,True,True,True,3
2_15,SG_20170117.csv.gz,15,3.75,4.0,535,True,1156.2146800079045,0.12748765703790407,[5.99185088e+01 3.27899285e+02 6.09868827e-02],[1.99268325e+05 5.25244216e+02 3.78804116e-01],False,False,False,0,False,False,False,0,True,True,True,3
2_16,SG_20170117.csv.gz,16,4.0,4.25,359,True,788.6999149805274,0.10030339219980733,[4.86414475e+01 3.22089318e+02 3.14757011e-02],[2.24517593e+05 5.15431528e+02 2.55082224e-01],False,True,False,1,False,False,False,0,True,True,True,3
2_17,SG_20170117.csv.gz,17,4.25,4.5,341,True,919.2491313884979,0.08548968968590386,[6.75674488e+01 4.49477588e+02 2.16048077e-02],[2.20696707e+05 6.79921242e+02 1.90765737e-01],False,False,False,0,False,False,False,0,True,True,True,3
2_18,SG_20170117.csv.gz,18,4.5,4.75,394,True,926.9954929727016,0.12614759957154978,[5.26313261e+01 3.64508075e+02 1.25050631e-02],[2.23613109e+05 5.63012638e+02 1.95354669e-01],False,False,False,0,False,False,False,0,True,True,True,3
2_19,SG_20170117.csv.gz,19,4.75,5.0,799,True,2916.1009313277527,0.1998685588689114,[1.68127896e+02 1.03879509e+03 8.32496072e-02],[2.22682033e+05 1.57685956e+03 7.19068947e-01],True,False,False,1,False,False,False,0,True,True,True,3
2_20,SG_20170117.csv.gz,20,5.0,5.25,366,True,1016.4006368543663,0.10510077796464293,[2.87012471e+02 1.50596162e+03 7.95205981e-02],[2.03054104e+05 2.59475581e+03 4.98070701e-01],False,False,False,0,False,False,False,0,True,True,True,3
2_21,SG_20170117.csv.gz,21,5.25,5.5,354,True,911.3627116086111,0.09559259765750061,[6.08934870e+01 4.64999855e+02 3.19999357e-02],[2.44135237e+05 7.41308862e+02 2.44727069e-01],False,False,False,0,False,False,False,0,True,True,True,3
2_22,SG_20170117.csv.gz,22,5.5,5.75,416,True,730.9148359719954,0.11792699642880974,[4.27766193e+01 2.54560442e+02 4.66671364e-02],[2.04541834e+05 4.35147394e+02 2.86727259e-01],True,True,True,3,False,False,False,0,True,True,True,3
2_23,SG_20170117.csv.gz,23,5.75,6.0,586,True,1477.2085521777262,0.12083527528087015,[5.70984804e+01 3.89352028e+02 7.98420094e-02],[2.11844920e+05 6.09769188e+02 4.54830144e-01],False,False,False,0,False,False,False,0,True,True,True,3
2_24,SG_20170117.csv.gz,24,6.0,6.25,354,True,485.78226678692835,0.12440019728927011,[4.26739562e+01 2.66827261e+02 3.62778783e-02],[2.10439252e+05 4.99358499e+02 2.42885712e-01],False,False,False,0,False,False,False,0,True,True,True,3
2_25,SG_20170117.csv.gz,25,6.25,6.5,331,True,672.414112960848,0.09227219198722938,[1.74657383e+02 9.04906921e+02 1.26531037e-01],[2.03683883e+05 1.69893296e+03 5.80255904e-01],False,False,False,0,False,False,False,0,True,True,True,3
2_26,SG_20170117.csv.gz,26,6.5,6.75,492,True,1016.9926378267373,0.13730986013629953,[1.08132333e+02 6.63520448e+02 1.10961241e-01],[1.97829374e+05 1.23206243e+03 5.28318635e-01],True,True,True,3,False,False,False,0,True,True,True,3
2_27,SG_20170117.csv.gz,27,6.75,7.0,453,True,961.0938639523805,0.13992079106380656,[9.65520818e+01 6.02998524e+02 4.70646377e-02],[2.05472970e+05 1.07204383e+03 2.95803060e-01],False,False,False,0,False,False,False,0,True,True,True,3
2_28,SG_20170117.csv.gz,28,7.0,7.25,384,True,925.1382940414921,0.11196856533482327,[1.31559152e+02 8.11384305e+02 4.58314883e-02],[1.94254502e+05 1.38554155e+03 3.02026581e-01],False,False,False,0,False,False,False,0,True,True,True,3
2_29,SG_20170117.csv.gz,29,7.25,7.5,293,True,383.5745160778033,0.1465614579040124,[4.27598127e+01 2.91693777e+02 2.75549049e-03],[2.02311012e+05 5.46242503e+02 1.76063707e-01],False,False,False,0,False,False,False,0,True,True,True,3
2_30,SG_20170117.csv.gz,30,7.5,7.75,297,True,578.003630663334,0.10907619583416003,[3.86490213e+01 2.75245177e+02 8.37152203e-03],[2.13253915e+05 4.46702269e+02 1.57200678e-01],False,False,False,0,False,False,False,0,True,True,True,3
2_31,SG_20170117.csv.gz,31,7.75,8.0,372,True,711.8292333007882,0.12237047047109377,[6.86288946e+01 3.56506381e+02 3.34938115e-02],[1.76930762e+05 6.05832735e+02 2.85649760e-01],True,True,True,3,False,False,False,0,True,True,True,3
2_32,SG_20170117.csv.gz,32,8.0,8.25,339,True,613.940631714444,0.11257948297266641,[4.47025980e+01 2.93887284e+02 2.08388057e-02],[1.94623484e+05 4.86897808e+02 2.13382057e-01],False,False,False,0,False,False,False,0,True,True,True,3
2_33,SG_20170117.csv.gz,33,8.25,8.48099367638889,430,True,1030.3142844980562,0.1382467796686229,[7.35765905e+01 4.30196320e+02 3.63432110e-02],[2.05517889e+05 7.00214790e+02 2.97373839e-01],True,True,True,3,False,False,False,0,True,True,True,3
3_0,SG_20170123.csv.gz,0,0.0,0.25,1224,True,5707.881874327561,0.25101493820854487,[1.56048411e+02 1.30268870e+03 8.41436244e-02],[2.34005708e+05 1.79174678e+03 9.57944597e-01],False,False,False,0,False,False,False,0,True,True,True,3
3_1,SG_20170123.csv.gz,1,0.25,0.5,740,True,2751.229354312015,0.17583077266935493,[1.22406328e+02 8.02509255e+02 3.24092147e-02],[2.13970573e+05 1.16414835e+03 3.34267683e-01],False,False,False,0,False,False,False,0,True,True,True,3
3_2,SG_20170123.csv.gz,2,0.5,0.75,587,True,1623.6532128306462,0.1475406334253931,[8.86761104e+01 5.95439605e+02 4.97289427e-02],[2.13427869e+05 9.39880906e+02 3.52235887e-01],False,False,False,0,False,False,False,0,True,True,True,3
3_3,SG_20170123.csv.gz,3,0.75,1.0,495,True,1502.6719084148735,0.1350092684523058,[9.86785714e+01 6.03696544e+02 2.16375198e-02],[2.02329305e+05 8.99848108e+02 2.55914457e-01],False,False,False,0,False,False,False,0,True,True,True,3
3_4,SG_20170123.csv.gz,4,1.0,1.25,419,True,635.6190487648711,0.11575908433046239,[2.71866156e+01 1.59359572e+02 3.33483673e-02],[1.98122524e+05 2.62284241e+02 2.32091891e-01],False,False,False,0,False,False,False,0,True,True,True,3
3_5,SG_20170123.csv.gz,5,1.25,1.5,713,True,1825.4485945038873,0.16207973639632875,[3.15563451e+01 2.11638141e+02 3.90689947e-02],[2.19539565e+05 3.10578330e+02 3.43403578e-01],False,False,False,0,False,False,False,0,True,True,True,3
3_6,SG_20170123.csv.gz,6,1.5,1.75,354,True,1125.6592303476489,0.11133816064753599,[8.52523951e+04 2.58960990e+01 2.55896267e-02],[2.06201826e+05 1.44368640e+02 2.12300154e-01],False,False,False,0,False,False,False,0,True,True,True,3
3_7,SG_20170123.csv.gz,7,1.75,2.0,441,True,1007.5617695191364,0.10250682828483125,[6.81361546e+01 3.65813946e+02 4.70287071e-02],[2.13348665e+05 5.68695969e+02 3.19214197e-01],False,False,False,0,False,False,False,0,True,True,True,3
3_8,SG_20170123.csv.gz,8,2.0,2.25,237,True,532.5469831978743,0.09204130207509341,[6.66661250e+04 5.68332075e+01 1.77207268e-02],[1.94046311e+05 2.88216795e+02 1.60721028e-01],False,False,False,0,False,False,False,0,True,True,True,3
3_9,SG_20170123.csv.gz,9,2.25,2.5,251,True,470.26438987215266,0.09480923992955412,[7.08394357e+01 4.13443146e+02 9.69772286e-03],[2.05741854e+05 6.87340157e+02 1.60189193e-01],False,False,False,0,False,False,False,0,True,True,True,3
3_10,SG_20170123.csv.gz,10,2.5,2.75,311,True,488.9270898056456,0.07258996492923206,[1.90519994e+01 1.05077480e+02 2.92634648e-02],[2.13899603e+05 1.62229255e+02 2.02588050e-01],False,False,False,0,False,False,False,0,True,True,True,3
3_11,SG_20170123.csv.gz,11,2.75,3.0,342,True,845.2854076577354,0.11128320836904153,[1.48191775e+02 7.78608053e+02 2.85303121e-02],[2.07920780e+05 1.29394019e+03 2.71307480e-01],False,False,False,0,False,False,False,0,True,True,True,3
3_12,SG_20170123.csv.gz,12,3.0,3.25,226,True,573.6338882469411,0.07869804256068913,[1.57716253e+02 7.78549615e+02 1.20922834e-02],[2.00924878e+05 1.25862909e+03 1.80201869e-01],False,False,False,0,False,False,False,0,True,True,True,3
3_13,SG_20170123.csv.gz,13,3.25,3.5,295,True,803.7418313685084,0.07336618666422383,[7.18330867e+01 4.23760321e+02 1.74328107e-02],[2.04329349e+05 6.37151341e+02 1.57661584e-01],False,False,False,0,False,False,False,0,True,True,True,3
3_14,SG_20170123.csv.gz,14,3.5,3.75,275,True,842.9969777378199,0.07676704959969187,[1.52126862e+02 8.91327101e+02 1.44595270e-02],[2.12988823e+05 1.34158498e+03 1.72377725e-01],False,False,False,0,False,False,False,0,True,True,True,3
3_15,SG_20170123.csv.gz,15,3.75,4.0,267,True,704.7378772889167,0.0585685419069127,[5.11682522e+01 3.87188068e+02 2.87457606e-02],[2.43582604e+05 5.99050898e+02 1.84198166e-01],False,False,False,0,False,False,False,0,True,True,True,3
3_16,SG_20170123.csv.gz,16,4.0,4.25,231,True,468.6521108503822,0.06972298110158869,[5.45785349e+01 3.45453748e+02 1.79854076e-02],[2.21206352e+05 5.50711417e+02 1.77388197e-01],False,False,False,0,False,False,False,0,True,True,True,3
3_17,SG_20170123.csv.gz,17,4.25,4.5,163,True,145.27121822415435,0.06571572414318418,[3.99789578e+01 2.29228540e+02 1.23911210e-02],[2.08704921e+05 4.25872624e+02 1.25193482e-01],False,False,False,0,False,False,False,0,True,True,True,3
3_18,SG_20170123.csv.gz,18,4.5,4.75,375,True,1157.8299544994743,0.08807765448194572,[6.65157912e+01 4.26856494e+02 2.06871724e-02],[2.27594122e+05 6.18922018e+02 2.08117312e-01],False,False,False,0,False,False,False,0,True,True,True,3
3_19,SG_20170123.csv.gz,19,4.75,5.0,311,True,641.2899565710813,0.08393151900755803,[2.76024645e+01 1.79483425e+02 1.39795799e-02],[2.19460233e+05 2.75497089e+02 1.32394125e-01],False,False,False,0,False,False,False,0,True,True,True,3
3_20,SG_20170123.csv.gz,20,5.0,5.25,336,True,1271.0423636434211,0.07048749826044141,[1.45593595e+02 1.09440316e+03 3.17693063e-02],[2.52627817e+05 1.58646053e+03 2.62699498e-01],False,False,False,0,False,False,False,0,True,True,True,3
3_21,SG_20170123.csv.gz,21,5.25,5.5,402,True,1076.8934084380078,0.15195463778927185,[1.11869841e+02 5.90522665e+02 7.76379967e-03],[2.11035514e+05 9.37781178e+02 2.60937761e-01],False,False,False,0,False,False,False,0,True,True,True,3
3_22,SG_20170123.csv.gz,22,5.5,5.75,207,True,292.81437053999866,0.07495219303181865,[4.52144751e+01 2.50845384e+02 1.65436996e-02],[2.14708501e+05 4.44440314e+02 1.50451655e-01],False,False,False,0,False,False,False,0,True,True,True,3
3_23,SG_20170123.csv.gz,23,5.75,6.0,275,True,612.1125117295726,0.09943206766987164,[5.08958889e+01 3.39276155e+02 7.04021876e-03],[2.22516316e+05 5.45169845e+02 1.34895434e-01],False,False,False,0,False,False,False,0,True,True,True,3
3_24,SG_20170123.csv.gz,24,6.0,6.25,302,True,641.8420909630886,0.10630886478523931,[7.10498676e+01 4.27950725e+02 1.72919509e-02],[2.16447333e+05 7.19082283e+02 1.95174927e-01],False,False,False,0,False,False,False,0,True,True,True,3
3_25,SG_20170123.csv.gz,25,6.25,6.5,291,True,585.8315621075958,0.1109693651946668,[4.88129162e+01 3.17131568e+02 8.03737648e-03],[2.16929666e+05 5.20803990e+02 1.67941466e-01],False,False,False,0,False,False,False,0,True,True,True,3
3_26,SG_20170123.csv.gz,26,6.5,6.75,406,True,750.5789779073716,0.1674024759539601,[1.22505568e+02 6.46902688e+02 2.81908718e-02],[2.11422305e+05 1.21006793e+03 3.00610147e-01],False,False,False,0,False,False,False,0,True,True,True,3
3_27,SG_20170123.csv.gz,27,6.75,7.0,378,True,1204.1798030982545,0.10912403366994082,[1.95724741e+02 1.22313450e+03 2.54255865e-02],[2.17734203e+05 1.93063764e+03 2.39216997e-01],False,False,False,0,False,False,False,0,True,True,True,3
3_28,SG_20170123.csv.gz,28,7.0,7.25,424,True,1021.6146444205947,0.15669254395680796,[5.22963535e+01 3.80201236e+02 7.38718194e-03],[2.10463624e+05 6.03848465e+02 1.96601169e-01],False,False,False,0,False,False,False,0,True,True,True,3
3_29,SG_20170123.csv.gz,29,7.25,7.5,529,True,1968.6024398123022,0.15353282634889895,[2.09474279e+02 1.28722829e+03 2.59467306e-02],[2.16070461e+05 1.92373648e+03 3.76265680e-01],False,False,False,0,False,False,False,0,True,True,True,3
3_30,SG_20170123.csv.gz,30,7.5,7.75,502,True,1435.7635690650986,0.1454324434923698,[9.42553323e+01 6.28062049e+02 2.64864386e-02],[2.24830552e+05 9.96372673e+02 2.44297147e-01],False,False,False,0,False,False,False,0,True,True,True,3
3_31,SG_20170123.csv.gz,31,7.75,8.0,605,True,2097.256513804708,0.17015654582207712,[2.36057363e+02 1.31794623e+03 5.90265544e-02],[2.24908145e+05 2.06704876e+03 5.45723692e-01],False,False,False,0,False,False,False,0,True,True,True,3
3_32,SG_20170123.csv.gz,32,8.0,8.25,761,True,3758.3772420700047,0.21683976176171474,[1.18023272e+05 3.70211672e+01 3.98125423e-02],[2.22332826e+05 3.27670812e+02 4.59302743e-01],False,False,False,0,False,False,False,0,True,True,True,3
3_33,SG_20170123.csv.gz,33,8.25,8.482635571388888,808,True,3220.2711383484993,0.2111979632154032,[1.10224411e+02 7.18997557e+02 2.94916145e-02],[2.37153845e+05 1.00175770e+03 4.63336987e-01],False,False,False,0,False,False,False,0,True,True,True,3
4_0,SG_20170131.csv.gz,0,0.0,0.25,1007,True,4131.915340784055,0.16863160259174706,[1.41661215e+02 1.15241665e+03 1.37910580e-01],[2.33230232e+05 1.67088888e+03 8.68782953e-01],False,False,False,0,False,False,False,0,True,True,True,3
4_1,SG_20170131.csv.gz,1,0.25,0.5,1171,True,4018.8500297824835,0.2614627168553177,[9.48619909e+01 6.02633532e+02 9.47671017e-02],[2.23059392e+05 9.00990357e+02 7.30746359e-01],False,False,False,0,False,False,False,0,True,True,True,3
4_2,SG_20170131.csv.gz,2,0.5,0.75,925,True,3230.4346346833154,0.1609964398101459,[6.07926984e+01 4.30079520e+02 5.13428870e-02],[2.35356911e+05 5.95935360e+02 4.22463886e-01],False,False,False,0,False,False,False,0,True,True,True,3
4_3,SG_20170131.csv.gz,3,0.75,1.0,678,True,2657.7237486794666,0.14239801745997158,[1.22221006e+02 8.67862765e+02 3.93010446e-02],[2.32496564e+05 1.23005492e+03 3.73149129e-01],False,False,False,0,False,False,False,0,True,True,True,3
4_4,SG_20170131.csv.gz,4,1.0,1.25,515,True,1759.677572684106,0.1335078974595417,[9.87393887e+01 7.02142243e+02 1.79585079e-02],[2.36722087e+05 1.01382266e+03 2.42973810e-01],False,False,False,0,False,False,False,0,True,True,True,3
4_5,SG_20170131.csv.gz,5,1.25,1.5,987,True,4249.7231333382315,0.1779457395160228,[8.54586131e+01 8.03391794e+02 3.82845813e-02],[2.50645651e+05 1.08583127e+03 3.92918832e-01],False,False,False,0,False,False,False,0,True,True,True,3
4_6,SG_20170131.csv.gz,6,1.5,1.75,384,True,1327.0210822830163,0.12820932740719787,[9.30715043e+04 3.15965108e+01 1.02190495e-02],[2.30724633e+05 1.44774643e+02 1.53183265e-01],False,False,False,0,False,False,False,0,True,True,True,3
4_7,SG_20170131.csv.gz,7,1.75,2.0,456,True,1156.7085448206858,0.1051304910712862,[2.98219043e+01 2.09096801e+02 1.91326433e-02],[2.16244001e+05 3.06467719e+02 1.73530479e-01],False,False,False,0,False,False,False,0,True,True,True,3
4_8,SG_20170131.csv.gz,8,2.0,2.25,495,True,1372.2098369607538,0.11374650324157987,[5.75241887e+01 3.71668759e+02 4.20357909e-02],[2.20885730e+05 5.61385050e+02 3.20197992e-01],False,False,False,0,False,False,False,0,True,True,True,3
4_9,SG_20170131.csv.gz,9,2.25,2.5,313,True,803.018456400272,0.13667193726399823,[8.12584245e+04 1.98725077e+01 1.46139760e-02],[2.09132435e+05 1.30626953e+02 2.11691288e-01],False,False,False,0,False,False,False,0,True,True,True,3
4_10,SG_20170131.csv.gz,10,2.5,2.75,443,True,1304.1642261494594,0.10442591498446425,[7.33067212e+01 5.73505019e+02 3.15221639e-02],[2.05042928e+05 8.85044523e+02 2.25531277e-01],True,False,False,1,False,False,False,0,True,True,True,3
4_11,SG_20170131.csv.gz,11,2.75,3.0,378,True,853.4618433705283,0.1324700810760934,[9.66107073e+01 5.71707453e+02 2.00699453e-02],[2.16873489e+05 9.57089261e+02 2.30204611e-01],False,False,False,0,False,False,False,0,True,True,True,3
4_12,SG_20170131.csv.gz,12,3.0,3.25,370,True,1518.9388068323276,0.07592534167796551,[1.08818193e+05 1.75086902e+01 3.16260108e-02],[2.21316973e+05 1.07816945e+02 1.91767274e-01],False,False,False,0,False,False,False,0,True,True,True,3
4_13,SG_20170131.csv.gz,13,3.25,3.5,378,True,951.3714285107005,0.07188032615327276,[5.12456522e+01 3.32537401e+02 4.71327581e-02],[2.30741487e+05 5.06206579e+02 2.74353840e-01],False,False,False,0,False,False,False,0,True,True,True,3
4_14,SG_20170131.csv.gz,14,3.5,3.75,277,True,623.3282930677357,0.08446005760198594,[1.16003744e+02 7.15192453e+02 3.15111354e-02],[2.15402926e+05 1.21942671e+03 2.25439904e-01],False,False,False,0,False,False,False,0,True,True,True,3
4_15,SG_20170131.csv.gz,15,3.75,4.0,459,True,1475.9077978660976,0.09220006187432611,[6.85057341e+01 5.31688105e+02 3.84003186e-02],[2.22303086e+05 7.94104233e+02 2.57193598e-01],False,False,False,0,False,False,False,0,True,True,True,3
4_16,SG_20170131.csv.gz,16,4.0,4.25,500,True,1584.0792172424938,0.09727037839634808,[2.02162540e+02 1.11255982e+03 1.84513115e-01],[2.11927116e+05 1.83313869e+03 8.48563880e-01],False,False,False,0,False,False,False,0,True,True,True,3
4_17,SG_20170131.csv.gz,17,4.25,4.5,286,True,720.7298066801349,0.07688330463205166,[8.26705863e+01 5.34079117e+02 2.79103585e-02],[2.19316902e+05 8.68460255e+02 1.95085438e-01],False,False,False,0,False,False,False,0,True,True,True,3
4_18,SG_20170131.csv.gz,18,4.5,4.75,690,True,2834.3654289799174,0.1147649133317812,[1.16791338e+02 9.63305495e+02 5.39675344e-02],[2.36798411e+05 1.35858591e+03 3.83426461e-01],False,False,False,0,False,False,False,0,True,True,True,3
4_19,SG_20170131.csv.gz,19,4.75,5.0,405,True,770.5601048084012,0.13980291056782274,[6.00445839e+01 4.23827680e+02 5.30446524e-02],[2.05058779e+05 7.96222717e+02 3.37303071e-01],False,False,False,0,False,False,False,0,True,True,True,3
4_20,SG_20170131.csv.gz,20,5.0,5.25,225,True,167.91477058672723,0.10397563698321996,[1.88445151e+01 1.14684119e+02 4.39201238e-03],[2.02041813e+05 2.08091307e+02 1.32104330e-01],False,False,False,0,False,False,False,0,True,True,True,3
4_21,SG_20170131.csv.gz,21,5.25,5.5,290,True,585.3735967407977,0.09045793274314415,[5.60680465e+01 3.97349090e+02 2.54685292e-02],[2.20664005e+05 6.76575556e+02 1.93197750e-01],False,False,False,0,False,False,False,0,True,True,True,3
4_22,SG_20170131.csv.gz,22,5.5,5.75,380,True,602.0842506150763,0.10879459303110196,[2.84830621e+01 1.71823861e+02 3.08581272e-02],[2.14713628e+05 2.85634445e+02 2.19332995e-01],False,False,False,0,False,False,False,0,True,True,True,3
4_23,SG_20170131.csv.gz,23,5.75,6.0,288,True,394.98410879745177,0.09541851990813828,[2.44352886e+01 1.49074286e+02 1.84698153e-02],[2.16414452e+05 2.48976240e+02 1.79508325e-01],True,False,True,2,False,False,False,0,True,True,True,3
4_24,SG_20170131.csv.gz,24,6.0,6.25,202,True,432.2652788865774,0.08416267437703727,[6.56329432e+04 1.79284002e+01 9.66774336e-03],[1.78528516e+05 1.00043470e+02 1.25951044e-01],False,False,False,0,False,False,False,0,True,True,True,3
4_25,SG_20170131.csv.gz,25,6.25,6.5,476,True,1383.8703526744166,0.1315988743583133,[2.35972916e+02 1.39895527e+03 4.66908749e-02],[2.12969608e+05 2.33362561e+03 3.09149173e-01],False,False,False,0,False,False,False,0,True,True,True,3
4_26,SG_20170131.csv.gz,26,6.5,6.75,483,True,1186.549127930258,0.1488695892380083,[1.47660533e+02 8.64762502e+02 5.81777019e-02],[1.94806471e+05 1.50170763e+03 3.97487588e-01],False,False,False,0,False,False,False,0,True,True,True,3
4_27,SG_20170131.csv.gz,27,6.75,7.0,563,True,1329.7306075173985,0.16188392891713801,[1.10735648e+02 5.98651779e+02 1.13039036e-01],[2.13578292e+05 1.05153455e+03 6.56356243e-01],False,False,False,0,False,False,False,0,True,True,True,3
4_28,SG_20170131.csv.gz,28,7.0,7.25,937,True,3387.9760854857263,0.22270913927425617,[1.50641861e+02 1.04646619e+03 6.12606877e-02],[2.42058230e+05 1.57333556e+03 5.10770487e-01],False,False,False,0,False,False,False,0,True,True,True,3
4_29,SG_20170131.csv.gz,29,7.25,7.5,787,True,2272.9115183505573,0.18024838297569956,[3.97300225e+01 3.23930126e+02 3.64710380e-02],[2.26057366e+05 4.82434493e+02 2.96150485e-01],False,False,False,0,False,False,False,0,True,True,True,3
4_30,SG_20170131.csv.gz,30,7.5,7.75,654,True,1430.143933079219,0.19037133120560423,[5.20153196e+01 3.20258527e+02 6.01109468e-02],[2.21588075e+05 5.35553503e+02 4.29425409e-01],False,False,False,0,False,False,False,0,True,True,True,3
4_31,SG_20170131.csv.gz,31,7.75,8.0,752,True,1923.8495727250568,0.2297969060090549,[9.58714027e+01 5.35508003e+02 6.19238482e-02],[2.16590937e+05 8.82937317e+02 5.23297836e-01],False,False,False,0,False,False,False,0,True,True,True,3
4_32,SG_20170131.csv.gz,32,8.0,8.25,1149,True,2840.4966046012914,0.3284192615052101,[5.59751566e+01 3.17777528e+02 1.06937221e-01],[2.14989390e+05 5.20493823e+02 8.04313606e-01],False,False,False,0,False,False,False,0,True,True,True,3
4_33,SG_20170131.csv.gz,33,8.25,8.482977427777778,1228,True,3882.2719593624233,0.3117285937298362,[4.96200898e+01 2.98353184e+02 7.26636071e-02],[2.11247982e+05 4.31979297e+02 7.46880413e-01],False,False,False,0,False,False,False,0,True,True,True,3
5_0,SG_20170119.csv.gz,0,0.0,0.25,920,True,3105.100046776578,0.22259796514161856,[7.53304292e+01 5.18338975e+02 4.70786996e-02],[2.00038845e+05 7.61144017e+02 4.66180550e-01],False,False,False,0,False,False,False,0,True,True,True,3
5_1,SG_20170119.csv.gz,1,0.25,0.5,568,True,1449.9727539885414,0.18419340319403738,[5.64286184e+01 3.84188901e+02 1.84443043e-02],[2.08389653e+05 5.94935888e+02 2.96045206e-01],False,False,False,0,False,False,False,0,True,True,True,3
5_2,SG_20170119.csv.gz,2,0.5,0.75,441,True,1165.9360840721872,0.15281966404837236,[1.04458627e+02 5.91205054e+02 1.93970293e-02],[1.84476985e+05 9.46255313e+02 3.08272439e-01],False,False,False,0,False,False,False,0,True,True,True,3
5_3,SG_20170119.csv.gz,3,0.75,1.0,374,True,1052.3767048822176,0.1119047716278946,[1.41785545e+02 8.79998240e+02 3.71342149e-02],[2.12711492e+05 1.43668988e+03 3.13583019e-01],False,False,False,0,False,False,False,0,True,True,True,3
5_4,SG_20170119.csv.gz,4,1.0,1.25,433,True,1124.4965425802711,0.12397537559372708,[7.88353471e+01 4.70310842e+02 2.64348580e-02],[2.22722921e+05 7.36854747e+02 2.54526170e-01],False,False,False,0,False,False,False,0,True,True,True,3
5_5,SG_20170119.csv.gz,5,1.25,1.5,283,True,655.8095409314943,0.08943592724375801,[3.03133339e+02 1.60495204e+03 5.79630668e-02],[2.05008922e+05 2.92708614e+03 3.49026413e-01],False,False,False,0,False,False,False,0,True,True,True,3
5_6,SG_20170119.csv.gz,6,1.5,1.75,324,True,664.8789307745981,0.1200240143229856,[2.81022990e+02 1.41178537e+03 6.33304200e-02],[2.07893667e+05 2.73164715e+03 4.23681620e-01],False,False,False,0,False,False,False,0,True,True,True,3
5_7,SG_20170119.csv.gz,7,1.75,2.0,206,True,424.2003820865785,0.06227725963073658,[6.72924467e+04 3.37748603e+01 5.00737165e-02],[1.93917394e+05 2.35568932e+02 2.15161841e-01],False,False,False,0,False,False,False,0,True,True,True,3
5_8,SG_20170119.csv.gz,8,2.0,2.25,289,True,685.4543273108095,0.08260047636976187,[1.15274611e+02 7.10549889e+02 4.12052777e-02],[2.17908119e+05 1.21178555e+03 2.63957588e-01],False,False,False,0,False,False,False,0,True,True,True,3
5_9,SG_20170119.csv.gz,9,2.25,2.5,329,True,826.6909942213899,0.12089329924847114,[2.95641609e+02 1.50182863e+03 2.22710524e-02],[2.10908933e+05 2.58780679e+03 2.53091327e-01],False,False,False,0,False,False,False,0,True,True,True,3
5_10,SG_20170119.csv.gz,10,2.5,2.75,256,True,697.3405495756916,0.07850681228772642,[2.66666912e+02 1.32710018e+03 3.64269082e-02],[2.17527370e+05 2.21267539e+03 2.96179451e-01],False,False,False,0,False,False,False,0,True,True,True,3
5_11,SG_20170119.csv.gz,11,2.75,3.0,439,True,1705.3718067653858,0.08965303526619026,[1.97741699e+02 1.18326292e+03 4.20279420e-02],[2.27371916e+05 1.70653882e+03 3.42970714e-01],False,False,False,0,False,False,False,0,True,True,True,3
5_12,SG_20170119.csv.gz,12,3.0,3.25,239,True,457.4538550594616,0.06562809923705143,[7.04174300e+01 4.26138802e+02 3.19314063e-02],[1.95483417e+05 7.36695900e+02 1.83476459e-01],False,False,False,0,False,False,False,0,True,True,True,3
5_13,SG_20170119.csv.gz,13,3.25,3.5,139,True,100.94646083841053,0.04962093656603743,[2.11465181e+01 1.43373564e+02 1.38422842e-02],[2.10650188e+05 2.59579823e+02 1.09667199e-01],False,False,False,0,False,False,False,0,True,True,True,3
5_14,SG_20170119.csv.gz,14,3.5,3.75,111,True,61.414126274245646,0.04567890496085654,[1.79323885e+01 1.22929982e+02 5.09621937e-03],[1.87911616e+05 2.21543339e+02 6.81782423e-02],False,False,False,0,False,False,False,0,True,True,True,3
5_15,SG_20170119.csv.gz,15,3.75,4.0,94,True,-16.82198277023417,0.032595449092542444,[2.19936490e+01 1.10054293e+02 2.05218167e-02],[1.67097040e+05 2.29459232e+02 9.65963839e-02],False,False,False,0,False,False,False,0,True,True,True,3
5_16,SG_20170119.csv.gz,16,4.0,4.25,322,True,1218.5028066574441,0.04203218557050471,[4.73041934e+01 4.80938533e+02 3.44373466e-02],[2.35969308e+05 6.72521961e+02 2.06065587e-01],False,False,False,0,False,False,False,0,True,True,True,3
5_17,SG_20170119.csv.gz,17,4.25,4.5,236,True,567.8891874765619,0.04428926908341414,[9.54552805e+01 6.44966764e+02 4.80874352e-02],[2.03929402e+05 1.04710600e+03 2.23928169e-01],False,False,False,0,False,False,False,0,True,True,True,3
5_18,SG_20170119.csv.gz,18,4.5,4.75,368,True,643.8061131118557,0.08790171869390873,[4.80094417e+01 2.73103322e+02 5.46670266e-02],[1.96197802e+05 4.65438913e+02 2.75810105e-01],False,False,False,0,False,False,False,0,True,True,True,3
5_19,SG_20170119.csv.gz,19,4.75,5.0,634,True,2061.5257800287927,0.08717409043141984,[6.90196266e+01 4.73907809e+02 7.87144975e-02],[2.08656486e+05 6.89561627e+02 4.16904069e-01],False,False,False,0,False,False,False,0,True,True,True,3
5_20,SG_20170119.csv.gz,20,5.0,5.25,285,True,567.36618365462,0.07863538234987259,[4.81858161e+01 2.90891685e+02 2.89715244e-02],[2.13163065e+05 4.71543479e+02 2.13528495e-01],False,False,False,0,False,False,False,0,True,True,True,3
5_21,SG_20170119.csv.gz,21,5.25,5.5,267,True,526.2142853200535,0.05887707750132903,[5.76810195e+01 3.10368428e+02 3.58268542e-02],[1.90076459e+05 4.96195561e+02 2.03631430e-01],False,False,False,0,False,False,False,0,True,True,True,3
5_22,SG_20170119.csv.gz,22,5.5,5.75,922,True,2762.8188857633804,0.24384457056596323,[1.26774306e+02 7.42508455e+02 1.33021234e-01],[2.07028496e+05 1.22526722e+03 8.53280762e-01],False,False,False,0,False,False,False,0,True,True,True,3
5_23,SG_20170119.csv.gz,23,5.75,6.0,562,True,1805.5820607920423,0.11327095777630931,[1.16547470e+02 7.15984875e+02 5.26840806e-02],[2.30941109e+05 1.07543652e+03 3.42508736e-01],False,False,False,0,False,False,False,0,True,True,True,3
5_24,SG_20170119.csv.gz,24,6.0,6.25,687,True,2068.0776726663453,0.14564557685281618,[9.80465484e+01 6.30487784e+02 8.48243443e-02],[2.10766162e+05 9.86010309e+02 5.00814013e-01],False,False,False,0,False,False,False,0,True,True,True,3
5_25,SG_20170119.csv.gz,25,6.25,6.5,669,True,2007.0717589538926,0.16997472393077379,[1.17742927e+02 7.38198699e+02 7.76160933e-02],[2.25049658e+05 1.19325421e+03 5.08733234e-01],False,False,False,0,False,False,False,0,True,True,True,3
5_26,SG_20170119.csv.gz,26,6.5,6.75,623,True,2088.5875743462957,0.1829664867953523,[1.06021507e+02 8.25173912e+02 2.34845492e-02],[2.18891289e+05 1.25577602e+03 2.98700582e-01],False,False,False,0,False,False,False,0,True,True,True,3
5_27,SG_20170119.csv.gz,27,6.75,7.0,465,True,1013.2069756062816,0.1526023688793554,[1.22260624e+02 6.22787320e+02 5.06575416e-02],[2.04171990e+05 1.09828750e+03 3.69321948e-01],False,False,False,0,False,False,False,0,True,True,True,3
5_28,SG_20170119.csv.gz,28,7.0,7.25,564,True,1811.2354328146007,0.16054319454229773,[7.89045291e+04 6.29793072e+01 6.21183873e-02],[2.08165424e+05 3.21567863e+02 3.67032658e-01],False,False,False,0,False,False,False,0,True,True,True,3
5_29,SG_20170119.csv.gz,29,7.25,7.5,393,True,724.5927068188389,0.12706810171832325,[9.85619423e+01 4.85952044e+02 6.80843259e-02],[1.91446045e+05 8.89360648e+02 4.20084700e-01],False,False,False,0,False,False,False,0,True,True,True,3
5_30,SG_20170119.csv.gz,30,7.5,7.75,347,True,738.8469505609613,0.11426335134746178,[1.37101927e+02 7.14613294e+02 4.14396396e-02],[1.98727859e+05 1.22700427e+03 3.43840979e-01],False,False,False,0,False,False,False,0,True,True,True,3
5_31,SG_20170119.csv.gz,31,7.75,8.0,539,True,1735.1730833184884,0.13837005148853526,[1.06052700e+02 7.36526524e+02 2.80926911e-02],[2.12385619e+05 1.09887649e+03 2.85921587e-01],False,False,False,0,False,False,False,0,True,True,True,3
5_32,SG_20170119.csv.gz,32,8.0,8.25,417,True,771.8072823687792,0.15338291821646055,[4.52753627e+01 2.91933548e+02 2.71910752e-02],[2.08089936e+05 5.04692118e+02 3.00886264e-01],True,True,True,3,False,False,False,0,True,True,True,3
5_33,SG_20170119.csv.gz,33,8.25,8.482312066111112,373,True,996.0793482984617,0.12653731923406483,[2.98720210e+02 1.55239381e+03 8.07737592e-02],[2.07601603e+05 2.79225420e+03 5.04894969e-01],False,False,False,0,False,False,False,0,True,True,True,3
6_0,SG_20170126.csv.gz,0,0.0,0.25,1408,True,5606.637680902247,0.24210026292090966,[9.36905641e+01 6.41686734e+02 6.12181462e-02],[2.18390527e+05 8.85919123e+02 5.07388418e-01],False,False,False,0,False,False,False,0,True,True,True,3
6_1,SG_20170126.csv.gz,1,0.25,0.5,1820,True,6912.956632267158,0.39461706455877954,[8.83057797e+01 5.25071058e+02 8.70713626e-02],[2.22321336e+05 7.40810437e+02 9.09111734e-01],False,True,False,1,False,False,False,0,True,True,True,3
6_2,SG_20170126.csv.gz,2,0.5,0.75,871,True,2272.218793549595,0.24591369188371098,[3.00540340e+01 1.91410382e+02 3.29428516e-02],[2.18951660e+05 2.87897327e+02 4.07436563e-01],False,False,False,0,False,False,False,0,True,True,True,3
6_3,SG_20170126.csv.gz,3,0.75,1.0,789,True,2144.6382022808093,0.2260218297440754,[5.11020002e+01 3.14091681e+02 2.88634098e-02],[2.2345828e+05 4.6742836e+02 4.0870203e-01],False,False,False,0,False,False,False,0,True,True,True,3
6_4,SG_20170126.csv.gz,4,1.0,1.25,764,True,1776.989624804386,0.22093471906044962,[2.75781201e+01 1.77273796e+02 3.34473466e-02],[2.09851722e+05 2.72119595e+02 3.77400701e-01],False,False,False,0,False,False,False,0,True,True,True,3
6_5,SG_20170126.csv.gz,5,1.25,1.5,680,True,2104.7314958357765,0.1640188739312178,[7.56648434e+01 5.11232387e+02 3.85249240e-02],[2.17978003e+05 7.54811932e+02 3.67058673e-01],True,True,True,3,False,False,False,0,True,True,True,3
6_6,SG_20170126.csv.gz,6,1.5,1.75,540,True,1493.7207213295883,0.14600384982575626,[4.44731881e+01 3.18841640e+02 2.55695694e-02],[2.19274818e+05 4.79639425e+02 2.77092265e-01],False,False,False,0,False,False,False,0,True,True,True,3
6_7,SG_20170126.csv.gz,7,1.75,2.0,466,True,1129.2924227605804,0.133515358616502,[5.23551727e+01 3.20641548e+02 2.59340415e-02],[2.12800326e+05 4.89851612e+02 2.96811797e-01],False,False,False,0,False,False,False,0,True,True,True,3
6_8,SG_20170126.csv.gz,8,2.0,2.25,301,True,495.0193287229246,0.10392101940959518,[2.58823731e+01 1.57594626e+02 1.15825329e-02],[2.04460127e+05 2.52079074e+02 1.81041054e-01],True,False,True,2,False,False,False,0,True,True,True,3
6_9,SG_20170126.csv.gz,9,2.25,2.5,363,True,719.9757473016299,0.08186127128885529,[5.16019218e+01 2.73563577e+02 6.11130234e-02],[1.97232874e+05 4.40499333e+02 3.47680224e-01],False,False,False,0,False,False,False,0,True,True,True,3
6_10,SG_20170126.csv.gz,10,2.5,2.75,433,True,1101.600447764008,0.0959021697368804,[2.62839710e+01 1.74422480e+02 1.83456284e-02],[2.20285026e+05 2.50141013e+02 1.76709000e-01],False,False,False,0,False,False,False,0,True,True,True,3
6_11,SG_20170126.csv.gz,11,2.75,3.0,232,True,351.2166987028919,0.07274637426897447,[1.50665471e+01 1.04846054e+02 9.42848368e-03],[2.15142839e+05 1.66446860e+02 1.05992131e-01],False,False,False,0,False,False,False,0,True,True,True,3
6_12,SG_20170126.csv.gz,12,3.0,3.25,323,True,747.8457545327058,0.0736594581790408,[3.72620105e+01 2.44129128e+02 2.44159093e-02],[2.14430155e+05 3.66408108e+02 1.87207432e-01],False,False,False,0,False,False,False,0,True,True,True,3
6_13,SG_20170126.csv.gz,13,3.25,3.5,183,True,196.83946765837604,0.06569816374130392,[2.78099130e+01 1.73524117e+02 2.30449854e-02],[2.27660061e+05 3.15898760e+02 1.80789138e-01],False,False,False,0,False,False,False,0,True,True,True,3
6_14,SG_20170126.csv.gz,14,3.5,3.75,205,True,400.2735894112046,0.057665165674839904,[3.98816888e+01 2.50964647e+02 1.64422125e-02],[2.07478575e+05 4.01670116e+02 1.33986808e-01],False,False,False,0,False,False,False,0,True,True,True,3
6_15,SG_20170126.csv.gz,15,3.75,4.0,657,True,3067.4781831618375,0.132715027780756,[6.89051429e+01 7.81539602e+02 1.87780619e-02],[2.54036797e+05 1.03749132e+03 2.90212466e-01],False,False,False,0,True,True,True,3,True,True,True,3
6_16,SG_20170126.csv.gz,16,4.0,4.25,210,True,225.22246270319184,0.08126442036538392,[1.14821835e+02 5.71572100e+02 4.13551530e-02],[1.87063189e+05 1.15445204e+03 2.64024718e-01],False,False,False,0,False,False,False,0,True,True,True,3
6_17,SG_20170126.csv.gz,17,4.25,4.5,383,True,1148.8153624318784,0.09657684518628251,[5.96173575e+01 4.85857040e+02 4.35308955e-02],[2.28281240e+05 7.58245152e+02 3.26607129e-01],False,False,False,0,False,False,False,0,True,True,True,3
6_18,SG_20170126.csv.gz,18,4.5,4.75,258,True,631.1263526433744,0.06905167310369863,[5.43126118e+01 3.58081237e+02 1.99982134e-02],[2.18647314e+05 5.59369763e+02 1.68229223e-01],False,False,False,0,False,False,False,0,True,True,True,3
6_19,SG_20170126.csv.gz,19,4.75,5.0,400,True,1267.1292828947387,0.10869024470591757,[7.52358561e+01 5.77014156e+02 1.75793937e-02],[2.15606896e+05 8.66953525e+02 1.91426045e-01],False,False,False,0,False,False,False,0,True,True,True,3
6_20,SG_20170126.csv.gz,20,5.0,5.25,568,True,1345.7387075475983,0.11751570499762858,[2.82706571e+01 1.96408061e+02 7.65418096e-02],[2.19073638e+05 3.02313489e+02 4.66578686e-01],False,False,False,0,False,False,False,0,True,True,True,3
6_21,SG_20170126.csv.gz,21,5.25,5.5,270,True,676.178843899995,0.0764480141673158,[7.07543018e+01 4.33998059e+02 1.45620476e-02],[2.02551885e+05 6.64114957e+02 1.59466199e-01],False,False,False,0,False,False,False,0,True,True,True,3
6_22,SG_20170126.csv.gz,22,5.5,5.75,355,True,876.957386029233,0.11205333079998002,[5.78337716e+01 3.86116813e+02 1.58330131e-02],[2.09689479e+05 6.06602602e+02 1.97241889e-01],False,False,False,0,False,False,False,0,True,True,True,3
6_23,SG_20170126.csv.gz,23,5.75,6.0,507,True,1320.556257984496,0.1322584824141542,[4.94194209e+01 3.41531955e+02 4.63990408e-02],[2.15094989e+05 5.27438642e+02 3.95135330e-01],False,False,False,0,False,False,False,0,True,True,True,3
6_24,SG_20170126.csv.gz,24,6.0,6.25,405,True,1213.1092691717965,0.10802533871056404,[1.13940028e+02 6.85991692e+02 4.00948033e-02],[2.17528523e+05 1.05780525e+03 3.61063554e-01],False,False,False,0,False,False,False,0,True,True,True,3
6_25,SG_20170126.csv.gz,25,6.25,6.5,389,True,742.5139791720519,0.11160657941466308,[2.71775483e+01 1.93012812e+02 3.50210418e-02],[2.08374997e+05 3.17124095e+02 2.62206125e-01],False,False,False,0,False,False,False,0,True,True,True,3
6_26,SG_20170126.csv.gz,26,6.5,6.75,553,True,1442.2978779903335,0.15242361992512352,[1.13916701e+02 7.24042570e+02 9.87266671e-02],[1.89489240e+05 1.25862215e+03 5.59170468e-01],False,False,False,0,False,False,False,0,True,True,True,3
6_27,SG_20170126.csv.gz,27,6.75,7.0,628,True,1829.8866927528625,0.1679204375020632,[5.72734502e+01 4.56003208e+02 5.23043880e-02],[2.23772987e+05 7.08716226e+02 4.52486428e-01],False,False,False,0,False,False,False,0,True,True,True,3
6_28,SG_20170126.csv.gz,28,7.0,7.25,597,True,1413.9786597493237,0.1777527382074382,[2.21926116e+01 1.65530631e+02 2.61578107e-02],[2.16106495e+05 2.52640280e+02 3.42148828e-01],False,False,False,0,False,False,False,0,True,True,True,3
6_29,SG_20170126.csv.gz,29,7.25,7.5,503,True,903.5980519081613,0.16956498820700336,[2.18242797e+01 1.52810978e+02 3.12024441e-02],[2.19613090e+05 2.56558383e+02 3.08956605e-01],False,False,False,0,False,False,False,0,True,True,True,3
6_30,SG_20170126.csv.gz,30,7.5,7.75,399,True,809.9059728164434,0.12541420929966401,[1.59462069e+02 8.36384818e+02 1.16404387e-01],[2.06711568e+05 1.60013884e+03 5.91257386e-01],True,True,True,3,False,False,False,0,True,True,True,3
6_31,SG_20170126.csv.gz,31,7.75,8.0,675,True,1738.1509667369705,0.19303533466402675,[3.31390519e+01 2.45263423e+02 3.17852499e-02],[2.07847014e+05 3.78759652e+02 3.35010739e-01],False,False,False,0,False,False,False,0,True,True,True,3
6_32,SG_20170126.csv.gz,32,8.0,8.25,441,True,1331.8915099685341,0.11043120121258852,[7.57005910e+04 9.68871947e+01 2.13385786e-01],[2.09961812e+05 7.05547811e+02 8.17021502e-01],False,False,False,0,False,False,False,0,True,True,True,3
6_33,SG_20170126.csv.gz,33,8.25,8.483127487500001,687,True,1247.2662930068404,0.19739484135845395,[1.45404442e+01 9.52087262e+01 4.76743331e-02],[2.00208618e+05 1.51549646e+02 3.61155310e-01],False,False,False,0,False,False,False,0,True,True,True,3
7_0,SG_20170201.csv.gz,0,0.0,0.25,1109,True,3671.053430970993,0.21821342190984894,[7.69880888e+01 5.36015490e+02 7.47626667e-02],[2.17773570e+05 7.96098434e+02 5.00208707e-01],False,False,False,0,False,False,False,0,True,True,True,3
7_1,SG_20170201.csv.gz,1,0.25,0.5,950,True,3560.4250442230655,0.23016668525140563,[1.58758510e+02 1.10717314e+03 6.52068711e-02],[2.17021464e+05 1.65964681e+03 5.69548352e-01],False,False,False,0,False,False,False,0,True,True,True,3
7_2,SG_20170201.csv.gz,2,0.5,0.75,1007,True,3423.26299781702,0.23555679119375264,[1.15290498e+02 7.38157815e+02 8.53484733e-02],[2.14427193e+05 1.12497801e+03 6.41120131e-01],False,False,False,0,False,False,False,0,True,True,True,3
7_3,SG_20170201.csv.gz,3,0.75,1.0,520,True,1352.4720429467502,0.09955657693418814,[2.92835980e+01 2.27278689e+02 3.74910317e-02],[2.11185940e+05 3.39584078e+02 2.37000698e-01],False,False,False,0,False,False,False,0,True,True,True,3
7_4,SG_20170201.csv.gz,4,1.0,1.25,489,True,959.830888806177,0.15868649367000998,[1.79725335e+01 1.48655133e+02 1.24280247e-02],[2.10803376e+05 2.32332617e+02 1.81144549e-01],False,False,False,0,False,False,False,0,True,True,True,3
7_5,SG_20170201.csv.gz,5,1.25,1.5,381,True,461.74580184592173,0.14117036908015027,[1.38230831e+01 1.12059805e+02 1.75770820e-02],[2.09937188e+05 1.95985564e+02 1.85192041e-01],False,False,False,0,False,False,False,0,True,True,True,3
7_6,SG_20170201.csv.gz,6,1.5,1.75,547,True,1833.653032161824,0.13189738463407746,[1.68863998e+02 1.09880162e+03 7.52370227e-02],[2.21339425e+05 1.69590721e+03 5.57180751e-01],True,False,False,1,False,False,False,0,True,True,True,3
7_7,SG_20170201.csv.gz,7,1.75,2.0,363,True,742.7405767066729,0.09872712104310077,[8.44562405e+01 4.56156401e+02 7.21209214e-02],[2.06568508e+05 7.74311348e+02 4.35525684e-01],False,False,False,0,False,False,False,0,True,True,True,3
7_8,SG_20170201.csv.gz,8,2.0,2.25,214,True,643.0701506363583,0.08486579594869718,[8.59774199e+04 1.04503895e+02 1.58496519e-02],[2.08094521e+05 6.96413408e+02 1.99180094e-01],False,False,False,0,False,False,False,0,True,True,True,3
7_9,SG_20170201.csv.gz,9,2.25,2.5,359,True,871.3913756686948,0.09738591176573917,[4.49718999e+01 3.28680583e+02 2.52465886e-02],[2.23134178e+05 5.16946379e+02 2.10016118e-01],False,False,False,0,False,False,False,0,True,True,True,3
7_10,SG_20170201.csv.gz,10,2.5,2.75,348,True,640.9442407809792,0.10744885573809544,[3.53644239e+01 2.31103564e+02 2.08730963e-02],[2.22234565e+05 3.80001908e+02 1.82748201e-01],False,False,False,0,False,False,False,0,True,True,True,3
7_11,SG_20170201.csv.gz,11,2.75,3.0,158,True,235.61235683097007,0.04636180880997036,[2.78442189e+01 1.86738504e+02 9.74712114e-03],[2.09767347e+05 2.95961054e+02 9.25842500e-02],False,False,False,0,False,False,False,0,True,True,True,3
7_12,SG_20170201.csv.gz,12,3.0,3.25,167,True,259.7592350703245,0.05846789839595337,[5.18961249e+01 2.92532429e+02 8.85780981e-03],[2.09702925e+05 4.91932046e+02 9.77683224e-02],False,False,False,0,False,False,False,0,True,True,True,3
7_13,SG_20170201.csv.gz,13,3.25,3.5,240,True,930.9116938033502,0.06599756015134212,[3.63516485e+01 4.30102962e+02 1.11863681e-03],[2.62755912e+05 5.80769289e+02 9.49798006e-02],False,False,False,0,False,False,False,0,True,True,True,3
7_14,SG_20170201.csv.gz,14,3.5,3.75,174,True,497.9828341420933,0.07558408833215877,[9.38134248e+04 9.34699611e+00 4.44841468e-03],[2.12603409e+05 7.64669852e+01 1.08381824e-01],False,False,False,0,False,False,False,0,True,True,True,3
7_15,SG_20170201.csv.gz,15,3.75,4.0,168,True,159.17125428156237,0.07143847971961065,[3.63026365e+01 2.28166460e+02 9.67962688e-03],[1.99263584e+05 4.25118748e+02 1.20344679e-01],False,False,False,0,False,False,False,0,True,True,True,3
7_16,SG_20170201.csv.gz,16,4.0,4.25,222,True,201.70204786745407,0.05486606664323818,[1.93372679e+01 1.05468842e+02 2.33032008e-02],[1.90644312e+05 1.79434024e+02 1.22415956e-01],False,False,False,0,False,False,False,0,True,True,True,3
7_17,SG_20170201.csv.gz,17,4.25,4.5,241,True,724.3598554668145,0.07036924051299445,[9.30595020e+04 5.04921350e+01 3.45586733e-02],[2.24291817e+05 3.43606474e+02 1.94780372e-01],False,False,False,0,False,False,False,0,True,True,True,3
7_18,SG_20170201.csv.gz,18,4.5,4.75,228,True,277.54219210424367,0.055495093863768614,[1.53552841e+01 8.84937881e+01 1.56605606e-02],[2.12408329e+05 1.39515322e+02 1.04901433e-01],False,False,False,0,False,False,False,0,True,True,True,3
7_19,SG_20170201.csv.gz,19,4.75,5.0,220,True,509.6904788403947,0.0593468395988288,[3.16408932e+01 2.24923249e+02 1.47036880e-02],[2.14760896e+05 3.43213423e+02 1.44581071e-01],False,False,False,0,False,False,False,0,True,True,True,3
7_20,SG_20170201.csv.gz,20,5.0,5.25,390,True,1166.940901595963,0.06744441711880923,[9.31861463e+01 5.99923654e+02 4.97513409e-02],[2.15688816e+05 9.08241548e+02 2.68281029e-01],True,True,True,3,False,False,False,0,True,True,True,3
7_21,SG_20170201.csv.gz,21,5.25,5.5,665,True,2030.3406278186053,0.13795619331464823,[1.13670610e+02 6.31985470e+02 6.89786971e-02],[2.19255687e+05 9.60290888e+02 4.45402690e-01],False,False,False,0,False,False,False,0,True,True,True,3
7_22,SG_20170201.csv.gz,22,5.5,5.75,399,True,1251.3509803772936,0.08291306465928877,[2.14427778e+02 1.22398563e+03 4.96761786e-02],[2.03231806e+05 1.90410884e+03 2.93172070e-01],False,False,False,0,False,False,False,0,True,True,True,3
7_23,SG_20170201.csv.gz,23,5.75,6.0,435,True,1365.937222043432,0.09952902558926903,[1.30843865e+02 7.58125940e+02 4.02194707e-02],[2.11442435e+05 1.13302821e+03 3.08794292e-01],False,False,False,0,False,False,False,0,True,True,True,3
7_24,SG_20170201.csv.gz,24,6.0,6.25,463,True,1709.280645480537,0.10027950241064078,[1.77863732e+02 1.07987275e+03 2.96685898e-02],[2.18008512e+05 1.53775723e+03 2.83300586e-01],False,False,False,0,False,False,False,0,True,True,True,3
7_25,SG_20170201.csv.gz,25,6.25,6.5,589,True,2255.042155792885,0.12333495384733467,[2.06280624e+02 1.32445790e+03 4.59183448e-02],[2.25135924e+05 1.94086606e+03 3.56860610e-01],False,False,False,0,False,False,False,0,True,True,True,3
7_26,SG_20170201.csv.gz,26,6.5,6.75,563,True,1943.2316507647029,0.1281525973169104,[1.17986803e+02 8.19384960e+02 3.71785610e-02],[2.16508443e+05 1.21935915e+03 3.01602405e-01],False,False,False,0,False,False,False,0,True,True,True,3
7_27,SG_20170201.csv.gz,27,6.75,7.0,771,True,3115.6287738313763,0.16444032520570467,[9.80814139e+01 8.02786961e+02 2.60060462e-02],[2.29916867e+05 1.11097096e+03 2.99849017e-01],False,False,False,0,False,False,False,0,True,True,True,3
7_28,SG_20170201.csv.gz,28,7.0,7.25,1008,True,3245.35127509835,0.2378522981946093,[6.19903564e+01 4.39060691e+02 5.98978174e-02],[2.31612423e+05 6.54155065e+02 5.13077304e-01],False,False,False,0,False,False,False,0,True,True,True,3
7_29,SG_20170201.csv.gz,29,7.25,7.5,903,True,3061.0048432909903,0.20218638183275206,[9.07366246e+01 6.03753015e+02 5.48046976e-02],[2.15644825e+05 8.92509892e+02 4.49068052e-01],False,False,False,0,False,False,False,0,True,True,True,3
7_30,SG_20170201.csv.gz,30,7.5,7.75,759,True,2186.5797538159068,0.1908537987733873,[8.59504632e+01 5.33933056e+02 6.29458522e-02],[2.17911341e+05 8.40862864e+02 4.54711779e-01],False,False,False,0,False,False,False,0,True,True,True,3
7_31,SG_20170201.csv.gz,31,7.75,8.0,713,True,2307.7803385841057,0.1676591274819294,[1.21413542e+02 7.35448210e+02 1.01198474e-01],[2.23655775e+05 1.13416323e+03 7.27130313e-01],False,False,False,0,False,False,False,0,True,True,True,3
7_32,SG_20170201.csv.gz,32,8.0,8.25,410,True,931.5910070511106,0.16705363373658408,[6.65518943e+01 3.92042376e+02 2.66900421e-03],[2.08270398e+05 6.32347869e+02 2.04082038e-01],False,False,False,0,False,False,False,0,True,True,True,3
7_33,SG_20170201.csv.gz,33,8.25,8.482611275,778,True,2681.880570186593,0.2045751599238871,[8.47087120e+01 5.68786316e+02 3.66268194e-02],[2.19177556e+05 8.25790645e+02 4.02340123e-01],False,False,False,0,False,False,False,0,True,True,True,3
8_0,SG_20170124.csv.gz,0,0.0,0.25,673,True,2049.299581752443,0.15379904038172132,[1.23156454e+02 7.90594821e+02 7.87186922e-02],[1.95478583e+05 1.21804534e+03 5.44626914e-01],False,False,False,0,False,False,False,0,True,True,True,3
8_1,SG_20170124.csv.gz,1,0.25,0.5,414,True,1369.4998647022167,0.09923116581257634,[9.92824774e+01 7.31054625e+02 2.04281805e-02],[2.09149252e+05 1.06043634e+03 2.14461206e-01],False,False,False,0,False,False,False,0,True,True,True,3
8_2,SG_20170124.csv.gz,2,0.5,0.75,237,True,306.6552900186357,0.08681418313615973,[4.75857780e+01 3.00904648e+02 2.09151162e-02],[1.79935048e+05 5.45250442e+02 1.75570948e-01],False,False,False,0,False,False,False,0,True,True,True,3
8_3,SG_20170124.csv.gz,3,0.75,1.0,349,True,850.4652723703101,0.08667932486276521,[1.31224046e+02 7.63578812e+02 5.78015718e-02],[2.14363547e+05 1.29533897e+03 3.08646433e-01],False,True,True,2,False,False,False,0,True,True,True,3
8_4,SG_20170124.csv.gz,4,1.0,1.25,263,True,763.120300841436,0.09195503867758596,[8.43566394e+04 8.92942071e+01 2.78796836e-02],[2.15289893e+05 5.35022462e+02 2.17894801e-01],True,True,True,3,False,False,False,0,True,True,True,3
8_5,SG_20170124.csv.gz,5,1.25,1.5,366,True,1408.6179110663243,0.0922710529862716,[9.77826050e+04 9.45324901e+00 2.08602048e-02],[2.13056951e+05 6.33437416e+01 1.59312789e-01],False,False,False,0,False,False,False,0,True,True,True,3
8_6,SG_20170124.csv.gz,6,1.5,1.75,634,True,1968.8794216895367,0.13780908175008239,[1.02349675e+02 6.39935130e+02 5.97732150e-02],[2.23436500e+05 9.50788029e+02 4.55802182e-01],False,False,False,0,False,False,False,0,True,True,True,3
8_7,SG_20170124.csv.gz,7,1.75,2.0,326,True,707.9482256354803,0.11330735931083216,[7.86971095e+01 5.26516441e+02 1.90891752e-02],[2.36628938e+05 8.91997130e+02 1.96250924e-01],False,False,False,0,False,False,False,0,True,True,True,3
8_8,SG_20170124.csv.gz,8,2.0,2.25,531,True,1979.832249827998,0.10499148031734223,[1.00042382e+02 7.38653366e+02 2.97889207e-02],[2.20419228e+05 1.04978174e+03 2.51026035e-01],False,False,False,0,False,False,False,0,True,True,True,3
8_9,SG_20170124.csv.gz,9,2.25,2.5,317,True,874.6640696442121,0.08867975269693451,[6.64285728e+01 4.49656778e+02 1.20860375e-02],[2.12441564e+05 6.72897630e+02 1.51098575e-01],False,False,True,1,False,False,False,0,True,True,True,3
8_10,SG_20170124.csv.gz,10,2.5,2.75,277,True,762.9822877790486,0.07879922707907588,[1.37579487e+02 8.53452597e+02 2.18639623e-02],[2.13551359e+05 1.36923946e+03 1.82491678e-01],False,False,False,0,False,False,False,0,True,True,True,3
8_11,SG_20170124.csv.gz,11,2.75,3.0,235,True,553.6038099433492,0.06607603821721553,[8.64298839e+01 4.50150880e+02 2.23579529e-02],[2.11353140e+05 7.11976439e+02 1.92518210e-01],False,False,False,0,False,False,False,0,True,True,True,3
8_12,SG_20170124.csv.gz,12,3.0,3.25,235,True,599.7563969731311,0.07974641040438632,[1.67811290e+02 8.78813636e+02 1.07138090e-02],[1.98365072e+05 1.42559326e+03 1.39827337e-01],False,False,False,0,False,False,False,0,True,True,True,3
8_13,SG_20170124.csv.gz,13,3.25,3.5,222,True,463.44462884657656,0.06889897392570603,[9.07341521e+01 4.84205066e+02 1.31176296e-02],[2.00856810e+05 7.66122328e+02 1.48963121e-01],False,False,False,0,False,False,False,0,True,True,True,3
8_14,SG_20170124.csv.gz,14,3.5,3.75,306,True,1264.694555081375,0.0694648890393157,[1.91191801e+02 1.21201292e+03 6.92118845e-03],[2.30490888e+05 1.64467532e+03 1.16531997e-01],True,True,True,3,False,False,False,0,True,True,True,3
8_15,SG_20170124.csv.gz,15,3.75,4.0,176,True,416.98310797313655,0.06744841655395507,[7.41188790e+02 2.96827078e+03 3.07012338e-02],[2.01815882e+05 5.48129066e+03 2.79577731e-01],False,False,False,0,False,False,False,0,True,True,True,3
8_16,SG_20170124.csv.gz,16,4.0,4.25,137,True,174.72305716495686,0.05007604005182038,[4.82452197e+01 2.73511135e+02 9.36437223e-03],[2.02765387e+05 4.76583472e+02 9.64259311e-02],False,False,False,0,False,False,False,0,True,True,True,3
8_17,SG_20170124.csv.gz,17,4.25,4.5,302,True,1069.7004642404,0.055637946495806404,[9.18696139e+01 7.02058411e+02 1.85644117e-02],[2.20914782e+05 9.91822556e+02 1.47423212e-01],False,False,False,0,False,False,False,0,True,True,True,3
8_18,SG_20170124.csv.gz,18,4.5,4.75,139,True,247.4354906161088,0.05931014168392005,[1.70896935e+02 8.68604043e+02 3.12936591e-03],[2.10134111e+05 1.48120779e+03 1.08747718e-01],False,False,False,0,False,False,False,0,True,True,True,3
8_19,SG_20170124.csv.gz,19,4.75,5.0,162,True,503.3548832517009,0.033496956547896826,[3.00355121e+02 1.75509387e+03 2.33172824e-02],[2.00089791e+05 2.67403555e+03 1.49107651e-01],False,False,False,0,False,False,False,0,True,True,True,3
8_20,SG_20170124.csv.gz,20,5.0,5.25,239,True,996.8124611007368,0.05404328137496573,[3.20211919e+02 2.03937515e+03 8.92484970e-03],[2.16554915e+05 2.84331633e+03 1.13558105e-01],False,False,False,0,False,False,False,0,True,True,True,3
8_21,SG_20170124.csv.gz,21,5.25,5.5,173,True,339.19499175735984,0.04804119321738877,[7.37965161e+01 3.94159519e+02 1.53012919e-02],[2.00575711e+05 6.26853388e+02 1.25307420e-01],True,True,True,3,False,False,False,0,True,True,True,3
8_22,SG_20170124.csv.gz,22,5.5,5.75,163,True,408.8561564713052,0.05737172109687455,[1.41732922e+02 8.58688001e+02 5.19259976e-03],[2.10852300e+05 1.36351472e+03 9.64368920e-02],False,False,False,0,False,False,False,0,True,True,True,3
8_23,SG_20170124.csv.gz,23,5.75,6.0,228,True,777.3207821061217,0.05693895911773457,[1.05888828e+02 5.76894902e+02 3.14078814e-03],[2.02232014e+05 7.71762128e+02 1.14713678e-01],False,False,False,0,False,False,False,0,True,True,True,3
8_24,SG_20170124.csv.gz,24,6.0,6.25,273,True,1034.6174182163747,0.049659438118646766,[1.24353510e+02 7.76000353e+02 1.20288609e-02],[2.31417546e+05 1.05045110e+03 1.21538883e-01],False,False,False,0,False,False,False,0,True,True,True,3
8_25,SG_20170124.csv.gz,25,6.25,6.5,268,True,374.0436549798346,0.06502996475770245,[2.12257291e+01 1.31375016e+02 2.25667228e-02],[2.02124292e+05 2.05805850e+02 1.56984386e-01],False,False,False,0,False,False,False,0,True,True,True,3
8_26,SG_20170124.csv.gz,26,6.5,6.75,657,True,2455.1119395214355,0.11867603819977698,[5.30406784e+01 4.49897662e+02 3.17693482e-02],[2.17399278e+05 6.17598180e+02 2.89468137e-01],False,False,False,0,False,False,False,0,True,True,True,3
8_27,SG_20170124.csv.gz,27,6.75,7.0,369,True,783.813278258031,0.12827751566679685,[8.23604646e+01 4.20957918e+02 2.10342812e-02],[1.99657060e+05 6.89068956e+02 2.76250935e-01],False,False,False,0,False,False,False,0,True,True,True,3
8_28,SG_20170124.csv.gz,28,7.0,7.25,359,True,531.4153197738972,0.11580945333156999,[1.28452703e+01 9.47887855e+01 1.62029999e-02],[2.07196708e+05 1.53404778e+02 1.76943943e-01],False,False,False,0,False,False,False,0,True,True,True,3
8_29,SG_20170124.csv.gz,29,7.25,7.5,386,True,938.3652230732514,0.09107833143388214,[3.90727820e+01 2.45903440e+02 2.77166742e-02],[2.22728647e+05 3.73082519e+02 2.15858823e-01],False,False,False,0,False,False,False,0,True,True,True,3
8_30,SG_20170124.csv.gz,30,7.5,7.75,275,True,627.5345836674148,0.08990164302228401,[1.02916803e+02 5.66776599e+02 1.54091104e-02],[1.98152369e+05 9.21653836e+02 1.70519517e-01],False,False,False,0,False,False,False,0,True,True,True,3
8_31,SG_20170124.csv.gz,31,7.75,8.0,513,True,1953.1937384533169,0.11467904477420572,[1.40603109e+02 8.55099360e+02 1.36189463e-02],[2.19965328e+05 1.16736819e+03 2.07837738e-01],False,False,False,0,False,False,False,0,True,True,True,3
8_32,SG_20170124.csv.gz,32,8.0,8.25,526,True,1744.9620854233362,0.14111114247072612,[9.47069453e+01 5.57189333e+02 1.27312562e-02],[2.24725616e+05 7.88864173e+02 2.45684591e-01],False,False,False,0,False,False,False,0,True,True,True,3
8_33,SG_20170124.csv.gz,33,8.25,8.483203092777778,596,True,2246.215586551683,0.14949369973662935,[1.19699628e+02 7.85324831e+02 2.50822146e-02],[2.21261305e+05 1.09526343e+03 3.07694927e-01],False,False,False,0,False,False,False,0,True,True,True,3
9_0,SG_20170120.csv.gz,0,0.0,0.25,508,True,1789.4480954448663,0.11703171762175917,[9.19342779e+01 6.86696097e+02 2.40870221e-02],[2.33952571e+05 9.84210829e+02 2.54425198e-01],False,False,False,0,False,False,False,0,True,True,True,3
9_1,SG_20170120.csv.gz,1,0.25,0.5,703,True,2535.2227629094414,0.17056802997919762,[1.46600861e+02 1.02603175e+03 3.05787281e-02],[2.09244435e+05 1.47407273e+03 3.60365806e-01],False,False,False,0,False,False,False,0,True,True,True,3
9_2,SG_20170120.csv.gz,2,0.5,0.75,529,True,1476.7539347587713,0.15185586341839505,[1.36422873e+02 7.46933108e+02 5.47174769e-02],[2.11699271e+05 1.23594262e+03 3.99627089e-01],False,False,False,0,False,False,False,0,True,True,True,3
9_3,SG_20170120.csv.gz,3,0.75,1.0,449,True,1332.3012537819668,0.09522101594613144,[6.02849589e+01 4.47589144e+02 3.01547782e-02],[2.04457472e+05 6.55599473e+02 2.38363556e-01],False,False,False,0,False,False,False,0,True,True,True,3
9_4,SG_20170120.csv.gz,4,1.0,1.25,520,True,1033.9625213201941,0.13111217231997155,[3.60196053e+01 2.47772824e+02 4.70189731e-02],[1.94758539e+05 4.08492469e+02 2.82599368e-01],False,False,False,0,False,False,False,0,True,True,True,3
9_5,SG_20170120.csv.gz,5,1.25,1.5,613,True,1422.1132538421589,0.14979463704667662,[2.69404791e+01 1.92580257e+02 4.04380538e-02],[2.05283418e+05 2.90843014e+02 3.43224894e-01],False,False,False,0,False,False,False,0,True,True,True,3
9_6,SG_20170120.csv.gz,6,1.5,1.75,523,True,1661.7449764529274,0.0941427376054132,[4.78674642e+01 3.87957737e+02 2.92753328e-02],[2.31601595e+05 5.54712024e+02 2.10570412e-01],False,False,False,0,False,False,False,0,True,True,True,3
9_7,SG_20170120.csv.gz,7,1.75,2.0,480,True,734.2358874626464,0.14212301696514518,[2.42160639e+01 1.35261434e+02 3.53522808e-02],[2.00767924e+05 2.22447949e+02 2.82276277e-01],False,False,False,0,False,False,False,0,True,True,True,3
9_8,SG_20170120.csv.gz,8,2.0,2.25,280,True,537.949238551731,0.09670451542098935,[5.92404325e+04 3.30105772e+01 4.06117883e-02],[1.84977284e+05 1.79986873e+02 2.15220147e-01],False,False,False,0,False,False,False,0,True,True,True,3
9_9,SG_20170120.csv.gz,9,2.25,2.5,311,True,656.4034353212387,0.09934767031955964,[4.62302627e+01 3.12085840e+02 1.59508344e-02],[2.21808829e+05 5.11194044e+02 1.56677888e-01],False,False,False,0,False,False,False,0,True,True,True,3
9_10,SG_20170120.csv.gz,10,2.5,2.75,377,True,890.8777007155313,0.07740302878008798,[2.86179813e+01 2.14530763e+02 3.05645812e-02],[2.20720372e+05 3.23093799e+02 2.01843570e-01],False,False,False,0,False,False,False,0,True,True,True,3
9_11,SG_20170120.csv.gz,11,2.75,3.0,4326,True,28008.11269137169,0.32547942800283214,[1.63143845e+05 7.75154839e+01 3.69003352e+00],[2.98559848e+05 7.63408875e+02 1.39104322e+01],False,False,False,0,False,False,False,0,True,True,True,3
9_12,SG_20170120.csv.gz,12,3.0,3.25,262,True,458.0770383497561,0.07240891963047473,[2.71957787e+01 1.57310071e+02 1.18592608e-02],[2.08304012e+05 2.38898568e+02 1.28031487e-01],False,False,False,0,False,False,False,0,True,True,True,3
9_13,SG_20170120.csv.gz,13,3.25,3.5,376,True,985.9030141580373,0.08987362240583663,[6.79537680e+01 4.78150212e+02 3.03832229e-02],[2.12678925e+05 7.54374470e+02 2.01494424e-01],False,False,False,0,False,False,False,0,True,True,True,3
9_14,SG_20170120.csv.gz,14,3.5,3.75,305,True,1032.2762060974705,0.06747941468312528,[1.25999611e+02 9.12599045e+02 2.50464994e-02],[2.21816049e+05 1.36698306e+03 1.88642470e-01],False,False,False,0,False,False,False,0,True,True,True,3
9_15,SG_20170120.csv.gz,15,3.75,4.0,295,True,700.5376319092479,0.0841900258087597,[2.26271965e+02 1.23788377e+03 5.41965735e-02],[2.04608962e+05 2.21070490e+03 2.95787248e-01],False,False,False,0,False,False,False,0,True,True,True,3
9_16,SG_20170120.csv.gz,16,4.0,4.25,417,True,1408.9900060237758,0.10167357566855029,[1.37501228e+02 9.40300476e+02 2.87697635e-02],[2.32865519e+05 1.41365021e+03 2.50132224e-01],False,False,False,0,False,False,False,0,True,True,True,3
9_17,SG_20170120.csv.gz,17,4.25,4.5,275,True,700.8457731262063,0.0743622912308343,[9.94389686e+01 6.04071954e+02 2.32302450e-02],[2.19653741e+05 9.65081945e+02 1.75581315e-01],False,False,False,0,False,False,False,0,True,True,True,3
9_18,SG_20170120.csv.gz,18,4.5,4.75,355,True,814.9794227743886,0.07696403945906911,[3.63926669e+01 1.97899486e+02 2.83910707e-02],[2.31891716e+05 2.92572334e+02 2.19495293e-01],False,False,False,0,False,False,False,0,True,True,True,3
9_19,SG_20170120.csv.gz,19,4.75,5.0,235,True,308.33629685956856,0.08120041859813334,[2.09113186e+01 1.44661273e+02 1.98706487e-02],[2.18739534e+05 2.48908157e+02 1.84439654e-01],False,False,False,0,False,False,False,0,True,True,True,3
9_20,SG_20170120.csv.gz,20,5.0,5.25,131,True,169.29017203806436,0.05587476704192272,[2.60808266e+04 2.46610493e-01 0.00000000e+00],[6.94125084e+04 1.02194102e+00 8.15116415e-02],False,False,False,0,False,False,False,0,False,True,False,1
9_21,SG_20170120.csv.gz,21,5.25,5.5,216,True,658.0916460646592,0.04885252890516355,[7.87331312e+01 5.78948669e+02 1.86369645e-02],[2.24159389e+05 8.57846830e+02 1.51555581e-01],True,False,False,1,False,False,False,0,True,True,True,3
9_22,SG_20170120.csv.gz,22,5.5,5.75,201,True,534.869983055982,0.050595384769081105,[9.15273066e+01 6.49003709e+02 1.47990231e-02],[2.22011635e+05 1.00083883e+03 1.18010156e-01],False,False,False,0,False,False,False,0,True,True,True,3
9_23,SG_20170120.csv.gz,23,5.75,6.0,167,True,309.30541374069423,0.04331555927688798,[5.25520170e+01 3.06177063e+02 2.16016989e-02],[1.76309138e+05 4.88831950e+02 1.54001819e-01],False,False,False,0,False,False,False,0,True,True,True,3
9_24,SG_20170120.csv.gz,24,6.0,6.25,302,True,574.5779338929256,0.06807598336402214,[2.81165516e+01 1.62810685e+02 2.80053395e-02],[2.16126307e+05 2.54952844e+02 1.76829246e-01],False,False,False,0,False,False,False,0,True,True,True,3
9_25,SG_20170120.csv.gz,25,6.25,6.5,312,True,529.7004093911122,0.0912966086082149,[6.08490118e+01 3.43420241e+02 5.25845000e-02],[2.12227643e+05 6.05066918e+02 3.11540480e-01],False,False,False,0,False,False,False,0,True,True,True,3
9_26,SG_20170120.csv.gz,26,6.5,6.75,813,True,2186.867379649677,0.17582837213215116,[1.29254020e+02 5.82290857e+02 3.28506962e-01],[2.21980598e+05 1.00653796e+03 1.44904626e+00],True,True,True,3,False,False,False,0,True,True,True,3
9_27,SG_20170120.csv.gz,27,6.75,7.0,1222,True,4663.12919784306,0.205212198186875,[8.75729768e+04 1.49268209e+01 3.99389993e-01],[2.17906998e+05 7.72200000e+01 1.57455195e+00],True,True,True,3,False,False,False,0,True,True,True,3
9_28,SG_20170120.csv.gz,28,7.0,7.25,144,True,347.54007916030525,0.05954979162180457,[5.22408956e+04 1.69057784e+00 7.09080078e-03],[1.22871340e+05 1.22703667e+01 1.11653792e-01],False,False,False,0,False,False,False,0,True,True,True,3
9_29,SG_20170120.csv.gz,29,7.25,7.5,155,True,201.79742626229708,0.057863227347136253,[3.63532092e+01 2.10506973e+02 8.47339089e-03],[2.02181735e+05 3.64351387e+02 9.79552366e-02],False,False,False,0,False,False,False,0,True,True,True,3
9_30,SG_20170120.csv.gz,30,7.5,7.75,304,True,582.1757653623354,0.09366527546264072,[3.45237127e+01 2.45184046e+02 1.97221533e-02],[2.12950551e+05 4.03149551e+02 1.72280197e-01],False,False,False,0,False,False,False,0,True,True,True,3
9_31,SG_20170120.csv.gz,31,7.75,8.0,260,True,686.3263774816617,0.06560546084221663,[6.21251094e+01 4.37199252e+02 2.02442819e-02],[2.43712866e+05 6.84664380e+02 1.49446599e-01],False,False,False,0,False,False,False,0,True,True,True,3
9_32,SG_20170120.csv.gz,32,8.0,8.25,320,True,1008.2071375469293,0.09491952891518751,[1.18857713e+02 8.08375224e+02 1.18675390e-02],[2.05078054e+05 1.23882324e+03 1.48535770e-01],False,False,False,0,False,False,False,0,True,True,True,3
9_33,SG_20170120.csv.gz,33,8.25,8.481760985833333,808,True,2972.2383094139473,0.17555436530767374,[9.75092520e+01 5.86727731e+02 5.31089849e-02],[2.13607906e+05 8.34075726e+02 4.62633173e-01],False,False,False,0,False,False,False,0,True,True,True,3
10_0,SG_20170118.csv.gz,0,0.0,0.25,838,True,3438.7890556607185,0.1395170683503522,[1.36834239e+02 1.03868812e+03 9.54099551e-02],[2.27485206e+05 1.47639427e+03 6.54692993e-01],False,False,False,0,False,False,False,0,True,True,True,3
10_1,SG_20170118.csv.gz,1,0.25,0.5,570,True,1976.359455938447,0.15225302174413535,[1.62170978e+02 1.05458781e+03 4.31333368e-02],[1.94480177e+05 1.60717668e+03 4.19532419e-01],False,False,False,0,False,False,False,0,True,True,True,3
10_2,SG_20170118.csv.gz,2,0.5,0.75,385,True,1124.504032990955,0.10331546984758402,[1.26234125e+02 7.51530805e+02 5.36497445e-02],[2.03719793e+05 1.19227895e+03 4.21397995e-01],False,False,True,1,False,False,False,0,True,True,True,3
10_3,SG_20170118.csv.gz,3,0.75,1.0,439,True,1263.6731542957277,0.09756578380496025,[1.02202859e+02 6.18296472e+02 5.39888596e-02],[1.91581986e+05 9.53864657e+02 3.57108506e-01],False,False,False,0,False,False,False,0,True,True,True,3
10_4,SG_20170118.csv.gz,4,1.0,1.25,286,True,499.0515494510543,0.12266032724029495,[4.81228884e+01 2.94823015e+02 3.79150292e-03],[2.14563010e+05 4.99803901e+02 1.59237217e-01],False,False,False,0,False,False,False,0,True,True,True,3
10_5,SG_20170118.csv.gz,5,1.25,1.5,200,True,268.3578886512206,0.06808432004494008,[4.36105503e+01 2.77119464e+02 2.26560940e-02],[2.02807150e+05 5.13951129e+02 1.46280437e-01],False,False,False,0,False,False,False,0,True,True,True,3
10_6,SG_20170118.csv.gz,6,1.5,1.75,230,True,210.29308605754292,0.11107884628246634,[ 17.7354764  120.44246357   0.        ],[2.02808676e+05 2.13065432e+02 1.17895524e-01],True,False,True,2,False,False,False,0,True,True,True,3
10_7,SG_20170118.csv.gz,7,1.75,2.0,146,True,241.6543436025049,0.04487551788073092,[7.14502344e+01 5.42138973e+02 1.93686644e-02],[2.08017258e+05 9.64263763e+02 1.19068150e-01],False,False,False,0,False,False,False,0,True,True,True,3
10_8,SG_20170118.csv.gz,8,2.0,2.25,316,True,581.4894996719678,0.11304347227441038,[5.40956530e+01 3.40232085e+02 2.19879893e-02],[2.18876692e+05 5.82718584e+02 2.32605242e-01],False,False,False,0,False,False,False,0,True,True,True,3
10_9,SG_20170118.csv.gz,9,2.25,2.5,305,True,745.5913176576462,0.07470573583415138,[6.06119224e+01 3.86003893e+02 3.14146852e-02],[2.16191458e+05 6.03104021e+02 2.24414985e-01],False,False,False,0,False,False,False,0,True,True,True,3
10_10,SG_20170118.csv.gz,10,2.5,2.75,224,True,112.20554398230217,0.08333802885877005,[1.23934631e+01 7.55639100e+01 2.31451211e-02],[2.09252049e+05 1.43939516e+02 1.64487019e-01],False,False,False,0,False,False,False,0,True,True,True,3
10_11,SG_20170118.csv.gz,11,2.75,3.0,320,True,911.3701257217866,0.08763789784337071,[9.22210349e+01 6.53754952e+02 1.78803453e-02],[2.17534864e+05 1.00309757e+03 1.71902624e-01],False,False,False,0,False,False,False,0,True,True,True,3
10_12,SG_20170118.csv.gz,12,3.0,3.25,187,True,433.83309424501897,0.052133674473099384,[7.64151817e+01 5.17015574e+02 1.38869514e-02],[2.16087347e+05 8.27607296e+02 1.11822714e-01],False,False,False,0,False,False,False,0,True,True,True,3
10_13,SG_20170118.csv.gz,13,3.25,3.5,132,True,175.140687901409,0.048495775521748496,[6.11036182e+01 3.72411847e+02 7.86966440e-03],[1.80310261e+05 6.41745586e+02 8.69748353e-02],False,False,False,0,False,False,False,0,True,True,True,3
10_14,SG_20170118.csv.gz,14,3.5,3.75,165,True,246.9545944506272,0.055126972934663045,[1.32804410e+02 7.60770494e+02 2.87613458e-02],[1.72793118e+05 1.44237750e+03 1.68178220e-01],False,False,False,0,False,False,False,0,True,True,True,3
10_15,SG_20170118.csv.gz,15,3.75,4.0,311,True,982.465568265149,0.06346180719446445,[5.77578167e+01 4.71334181e+02 1.83210696e-02],[2.15750482e+05 6.76982379e+02 1.51593723e-01],False,False,False,0,False,False,False,0,True,True,True,3
10_16,SG_20170118.csv.gz,16,4.0,4.25,275,True,530.0848090944934,0.0607038444916704,[2.62386941e+01 1.72485015e+02 2.27657601e-02],[1.94481936e+05 2.65906304e+02 1.45115657e-01],False,False,False,0,False,False,False,0,True,True,True,3
10_17,SG_20170118.csv.gz,17,4.25,4.5,216,True,433.15180547247286,0.055802373689460574,[2.82715748e+01 1.99907229e+02 9.60834329e-03],[2.10735955e+05 3.05363001e+02 8.36486212e-02],False,False,False,0,False,False,False,0,True,True,True,3
10_18,SG_20170118.csv.gz,18,4.5,4.75,293,True,664.118406642966,0.07493006944775508,[8.78979849e+01 6.70487133e+02 2.19372105e-02],[1.97665395e+05 1.06512415e+03 1.55124880e-01],False,False,False,0,False,False,False,0,True,True,True,3
10_19,SG_20170118.csv.gz,19,4.75,5.0,271,True,702.3592747714085,0.06468976217762301,[1.24420711e+02 7.46400612e+02 4.64294593e-02],[2.13329917e+05 1.18857124e+03 2.95378249e-01],False,False,False,0,False,False,False,0,True,True,True,3
10_20,SG_20170118.csv.gz,20,5.0,5.25,325,True,859.8041422116883,0.10384690515337187,[1.41780209e+02 1.03362530e+03 2.72744688e-02],[2.17690239e+05 1.70069879e+03 2.61194058e-01],False,False,False,0,False,False,False,0,True,True,True,3
10_21,SG_20170118.csv.gz,21,5.25,5.5,227,True,465.9229382982775,0.07036905086436815,[4.67525303e+01 2.89680985e+02 1.02327635e-02],[2.14966828e+05 4.51752463e+02 1.25183626e-01],False,False,False,0,False,False,False,0,True,True,True,3
10_22,SG_20170118.csv.gz,22,5.5,5.75,189,True,314.60188288306495,0.07762414738181639,[3.61552903e+02 1.54388456e+03 3.13135032e-02],[1.83616550e+05 2.99282332e+03 2.71417175e-01],False,False,False,0,False,False,False,0,True,True,True,3
10_23,SG_20170118.csv.gz,23,5.75,6.0,231,True,487.2451095336851,0.06271321549601548,[2.52854490e+01 1.90883772e+02 7.75322972e-03],[2.09637796e+05 2.86403662e+02 8.69872206e-02],False,False,False,0,False,False,False,0,True,True,True,3
10_24,SG_20170118.csv.gz,24,6.0,6.25,176,True,218.70085750414552,0.0463664797429445,[1.40447602e+01 7.94014844e+01 1.33171791e-02],[2.15182921e+05 1.22951182e+02 1.13275261e-01],False,False,False,0,False,False,False,0,True,True,True,3
10_25,SG_20170118.csv.gz,25,6.25,6.5,401,True,1545.1605841116104,0.07342477197884457,[3.76307863e+02 2.10293198e+03 8.05823471e-02],[2.02153447e+05 3.11169792e+03 5.11289578e-01],False,False,False,0,False,False,False,0,True,True,True,3
10_26,SG_20170118.csv.gz,26,6.5,6.75,731,True,2693.1497208301143,0.16814657005745068,[1.84470988e+02 1.16043376e+03 5.33883230e-02],[2.16946512e+05 1.70121052e+03 4.85533113e-01],False,False,False,0,False,False,False,0,True,True,True,3
10_27,SG_20170118.csv.gz,27,6.75,7.0,428,True,1273.3537947420311,0.11973072861793492,[1.44206045e+02 9.58140853e+02 4.65695431e-02],[2.10453992e+05 1.56284149e+03 3.43096695e-01],False,False,False,0,False,False,False,0,True,True,True,3
10_28,SG_20170118.csv.gz,28,7.0,7.25,371,True,907.5305964512529,0.1289621580120585,[9.07847935e+01 6.14844163e+02 2.04836102e-02],[2.15266029e+05 1.01493467e+03 2.52533005e-01],False,False,False,0,False,False,False,0,True,True,True,3
10_29,SG_20170118.csv.gz,29,7.25,7.5,440,True,805.4423959324032,0.16988590226341904,[1.67605217e+02 8.70386034e+02 5.47271515e-02],[1.77934660e+05 1.67895707e+03 4.10632327e-01],False,False,False,0,False,False,False,0,True,True,True,3
10_30,SG_20170118.csv.gz,30,7.5,7.75,491,True,1808.959566785482,0.1212445427325974,[1.70076738e+02 1.19697376e+03 2.78338917e-02],[2.04838537e+05 1.75325580e+03 2.83755234e-01],False,False,False,0,False,False,False,0,True,True,True,3
10_31,SG_20170118.csv.gz,31,7.75,8.0,347,True,1073.056740857554,0.07267536354739074,[1.78760136e+02 1.03294563e+03 6.80598839e-02],[2.08039861e+05 1.63207894e+03 3.82761178e-01],False,False,False,0,False,False,False,0,True,True,True,3
10_32,SG_20170118.csv.gz,32,8.0,8.25,311,True,707.399101337183,0.08941119450951704,[7.43168301e+01 4.22333530e+02 4.03329300e-02],[2.10331004e+05 6.99840593e+02 2.91346183e-01],False,False,False,0,False,False,False,0,True,True,True,3
10_33,SG_20170118.csv.gz,33,8.25,8.482718966944445,483,True,1902.7630592426872,0.10075917998104647,[1.57631058e+02 9.87335162e+02 2.82757309e-02],[2.02458213e+05 1.37185153e+03 2.55950485e-01],True,False,True,2,False,False,False,0,True,True,True,3
11_0,SG_20170130.csv.gz,0,0.0,0.25,593,True,2009.227241379882,0.11036647313863832,[1.08010460e+02 7.07696356e+02 7.01767353e-02],[2.07156711e+05 1.03131248e+03 4.77759687e-01],False,False,False,0,False,False,False,0,True,True,True,3
11_1,SG_20170130.csv.gz,1,0.25,0.5,944,True,3168.2729776366496,0.20132490752970605,[8.15681232e+01 6.37950705e+02 6.50408223e-02],[2.16011635e+05 9.47421767e+02 4.83765954e-01],False,False,False,0,False,False,False,0,True,True,True,3
11_2,SG_20170130.csv.gz,2,0.5,0.75,1062,True,4157.544049189823,0.20881852055503639,[1.10948055e+02 8.00413125e+02 8.01381543e-02],[2.26974082e+05 1.13453724e+03 6.83418017e-01],False,False,False,0,False,False,False,0,True,True,True,3
11_3,SG_20170130.csv.gz,3,0.75,1.0,514,True,1410.6451990325445,0.1306748258654642,[1.13539663e+02 7.26262919e+02 4.90567469e-02],[2.07171701e+05 1.12733305e+03 3.87177275e-01],False,False,False,0,False,False,False,0,True,True,True,3
11_4,SG_20170130.csv.gz,4,1.0,1.25,321,True,653.0897487224624,0.11779436021670346,[8.45357330e+01 4.96823927e+02 2.99174543e-02],[2.12029539e+05 8.64133009e+02 3.16981498e-01],False,False,False,0,False,False,False,0,True,True,True,3
11_5,SG_20170130.csv.gz,5,1.25,1.5,335,True,943.4914967616949,0.07616471231054625,[1.16500320e+02 6.75930297e+02 4.90533095e-02],[2.09827052e+05 1.02545642e+03 3.57439051e-01],False,False,False,0,False,False,False,0,True,True,True,3
11_6,SG_20170130.csv.gz,6,1.5,1.75,315,True,867.6584812084766,0.07715509839117202,[1.21918075e+02 7.75835729e+02 2.08935019e-02],[2.23802347e+05 1.17185511e+03 1.77077495e-01],False,False,False,0,False,False,False,0,True,True,True,3
11_7,SG_20170130.csv.gz,7,1.75,2.0,465,True,1613.0113139280725,0.11448789108640514,[1.14995695e+02 8.37825128e+02 2.31524075e-02],[2.19495962e+05 1.23103848e+03 2.37373394e-01],False,False,False,0,False,False,False,0,True,True,True,3
11_8,SG_20170130.csv.gz,8,2.0,2.25,313,True,704.6425777968558,0.08586419412304377,[1.05874858e+02 6.15348572e+02 3.16588037e-02],[2.04950638e+05 1.00452781e+03 2.25979818e-01],False,False,False,0,False,False,False,0,True,True,True,3
11_9,SG_20170130.csv.gz,9,2.25,2.5,145,True,97.75195620669658,0.04780215234360305,[3.60472770e+01 2.05322843e+02 1.91749152e-02],[1.94716863e+05 3.88089929e+02 1.09512629e-01],False,False,False,0,False,False,False,0,True,True,True,3
11_10,SG_20170130.csv.gz,10,2.5,2.75,267,True,812.816311531627,0.07306850636437999,[1.45047349e+02 9.38559354e+02 8.89352954e-03],[2.09447293e+05 1.37155914e+03 1.28668594e-01],False,False,False,0,False,False,False,0,True,True,True,3
11_11,SG_20170130.csv.gz,11,2.75,3.0,258,True,768.6178584867663,0.059580128786670336,[1.18138705e+02 8.61545129e+02 2.34276573e-02],[2.17333693e+05 1.30109167e+03 1.80895703e-01],False,False,False,0,False,False,False,0,True,True,True,3
11_12,SG_20170130.csv.gz,12,3.0,3.25,190,True,423.09554908277323,0.05758751416005285,[1.48657743e+02 9.42461474e+02 3.83460315e-02],[2.02351250e+05 1.60573697e+03 2.74567531e-01],False,False,False,0,False,False,False,0,True,True,True,3
11_13,SG_20170130.csv.gz,13,3.25,3.5,252,True,654.8394126917539,0.056390011234801696,[8.16315146e+01 4.91209554e+02 2.61701431e-02],[2.03703988e+05 7.49440150e+02 1.82472999e-01],False,False,False,0,False,False,False,0,True,True,True,3
11_14,SG_20170130.csv.gz,14,3.5,3.75,192,True,341.58294339617714,0.051061884588876665,[1.29268557e+02 7.45076234e+02 4.59565391e-02],[2.05644994e+05 1.32648999e+03 2.30011498e-01],False,False,False,0,False,False,False,0,True,True,True,3
11_15,SG_20170130.csv.gz,15,3.75,4.0,265,True,360.1064754087404,0.07724966367733135,[1.27187793e+01 8.53963589e+01 1.26261350e-02],[2.11330243e+05 1.35013464e+02 1.20228007e-01],False,False,False,0,False,False,False,0,True,True,True,3
11_16,SG_20170130.csv.gz,16,4.0,4.25,250,True,673.6344204799223,0.05037543309985264,[3.83577279e+01 3.58457567e+02 1.95387858e-02],[2.39285060e+05 5.36056786e+02 1.28871711e-01],False,False,False,0,False,False,False,0,True,True,True,3
11_17,SG_20170130.csv.gz,17,4.25,4.5,264,True,665.4299471632031,0.06244183525687329,[1.33424315e+02 7.87751559e+02 5.76803397e-02],[1.99277089e+05 1.27925087e+03 3.36972580e-01],False,False,False,0,False,False,False,0,True,True,True,3
11_18,SG_20170130.csv.gz,18,4.5,4.75,322,True,1064.672374688132,0.06899133164712204,[2.04240604e+02 1.19830400e+03 2.46563401e-02],[1.94842395e+05 1.77679485e+03 1.86168874e-01],False,False,False,0,False,False,False,0,True,True,True,3
11_19,SG_20170130.csv.gz,19,4.75,5.0,212,True,385.4970540335545,0.049629486652948133,[2.36654296e+01 1.47855448e+02 1.61821033e-02],[2.11715287e+05 2.22450446e+02 1.21722881e-01],False,False,False,0,False,False,False,0,True,True,True,3
11_20,SG_20170130.csv.gz,20,5.0,5.25,238,True,630.1806018173286,0.04898415439071636,[1.15118270e+02 6.78654938e+02 5.01465932e-02],[2.10715783e+05 1.05386495e+03 2.94873178e-01],False,False,False,0,False,False,False,0,True,True,True,3
11_21,SG_20170130.csv.gz,21,5.25,5.5,283,True,902.3676846211329,0.07649568136109328,[4.16042892e+01 4.34854452e+02 7.52012442e-03],[2.47808841e+05 6.23548831e+02 1.26763781e-01],False,False,False,0,False,False,False,0,True,True,True,3
11_22,SG_20170130.csv.gz,22,5.5,5.75,207,True,356.58196231884847,0.061295233939797016,[5.65391474e+01 3.46008072e+02 1.99029166e-02],[2.14743976e+05 5.85647486e+02 1.37894029e-01],False,False,False,0,False,False,False,0,True,True,True,3
11_23,SG_20170130.csv.gz,23,5.75,6.0,202,True,475.03812054631334,0.05655028440271087,[1.25487516e+02 7.08579164e+02 1.56751956e-02],[2.18919495e+05 1.14042301e+03 1.24009894e-01],False,False,False,0,False,False,False,0,True,True,True,3
11_24,SG_20170130.csv.gz,24,6.0,6.25,381,True,1140.1069717857474,0.08004115618990669,[6.07046310e+01 4.73732174e+02 1.86956046e-02],[2.14424518e+05 6.91589293e+02 1.48630060e-01],False,False,False,0,False,False,False,0,True,True,True,3
11_25,SG_20170130.csv.gz,25,6.25,6.5,451,True,1739.6701907663564,0.09731188619863691,[1.43895207e+02 9.95808378e+02 2.44139852e-02],[2.23672306e+05 1.39872704e+03 2.61969759e-01],False,False,False,0,False,False,False,0,True,True,True,3
11_26,SG_20170130.csv.gz,26,6.5,6.75,588,True,2026.4757341104387,0.09335712509862547,[1.39273239e+02 8.90550695e+02 8.08708157e-02],[2.33991340e+05 1.29888612e+03 4.70708782e-01],False,False,False,0,False,False,False,0,True,True,True,3
11_27,SG_20170130.csv.gz,27,6.75,7.0,942,True,3213.445888437463,0.2149715825749607,[1.29568959e+02 8.63516583e+02 9.59894491e-02],[2.22629135e+05 1.31926786e+03 6.87051083e-01],False,False,False,0,False,False,False,0,True,True,True,3
11_28,SG_20170130.csv.gz,28,7.0,7.25,927,True,2764.243108107558,0.20067263015018477,[1.22146651e+02 6.96430318e+02 1.33670184e-01],[2.16215073e+05 1.10122771e+03 7.76172921e-01],False,False,False,0,False,False,False,0,True,True,True,3
11_29,SG_20170130.csv.gz,29,7.25,7.5,620,True,1759.1299871143262,0.17947781334183074,[1.30471381e+02 7.45328344e+02 4.71699603e-02],[2.02911100e+05 1.19114698e+03 4.15897131e-01],False,False,False,0,False,False,False,0,True,True,True,3
11_30,SG_20170130.csv.gz,30,7.5,7.75,685,True,2027.5484719030069,0.17740122982167622,[1.04380494e+02 6.87249564e+02 5.12270472e-02],[2.05960055e+05 1.07040215e+03 4.11079177e-01],False,False,False,0,False,False,False,0,True,True,True,3
11_31,SG_20170130.csv.gz,31,7.75,8.0,835,True,3015.039477241375,0.19834054834766815,[1.61793669e+02 9.77062150e+02 4.98363227e-02],[2.29677789e+05 1.42022246e+03 5.10068125e-01],False,False,False,0,False,False,False,0,True,True,True,3
11_32,SG_20170130.csv.gz,32,8.0,8.25,804,True,2794.2590845328637,0.19541851098091623,[1.35443846e+02 8.58122406e+02 4.72247484e-02],[2.04290627e+05 1.26222424e+03 4.66902742e-01],False,False,False,0,False,False,False,0,True,True,True,3
11_33,SG_20170130.csv.gz,33,8.25,8.481685744722222,725,True,2538.091324596643,0.1694202005343487,[7.84657395e+01 5.52957044e+02 2.67699689e-02],[2.09455722e+05 7.70292636e+02 3.07453174e-01],False,False,False,0,False,False,False,0,True,True,True,3
